combination,method,n_models,score
SGD HINGE+PASSIVE AGGRESSIVE,ASC,2,0.5408602150537635
SGD HINGE+GAUSSIAN NB,ARC,2,0.5408602150537635
SGD HINGE+GAUSSIAN NB,WRCDS,2,0.5381720430107527
SGD HINGE+GAUSSIAN NB,WRCP,2,0.5381720430107527
SGD HINGE+NEAREST CENTROID,WRCDS,2,0.5376344086021505
SGD HINGE+PASSIVE AGGRESSIVE,WRCP,2,0.5360215053763441
SGD HINGE+PERCEPTRON,WRCP,2,0.5360215053763441
SGD LOG+NEAREST CENTROID,ASC,2,0.535483870967742
SGD LOG+NEAREST CENTROID,WRCDS,2,0.5349462365591398
SGD LOG+NEAREST CENTROID,WSCDS,2,0.5349462365591398
RANDOM FOREST+SGD LOG+NEAREST CENTROID,WSCDS,3,0.5336021505376344
SGD LOG+PASSIVE AGGRESSIVE,WRCP,2,0.5333333333333333
SGD HINGE+NEAREST CENTROID,WRCP,2,0.5333333333333333
SGD LOG+GAUSSIAN NB,WRCP,2,0.5327956989247312
PASSIVE AGGRESSIVE+NEAREST CENTROID,WSCP,2,0.531989247311828
PASSIVE AGGRESSIVE+NEAREST CENTROID,WSCDS,2,0.531989247311828
SGD HINGE+PASSIVE AGGRESSIVE,WSCDS,2,0.5317204301075269
SGD HINGE+PASSIVE AGGRESSIVE,WSCP,2,0.5314516129032258
NEAREST CENTROID+ADABOOST,WSCP,2,0.5309139784946236
GRADIENT BOOST+SGD LOG+NEAREST CENTROID,WSCDS,3,0.5309139784946236
RANDOM FOREST+NEAREST CENTROID+ADABOOST,WSCDS,3,0.5309139784946236
NEAREST CENTROID+ADABOOST,ASC,2,0.5309139784946236
PERCEPTRON+NEAREST CENTROID,WSCDS,2,0.5306451612903226
NEAREST CENTROID+ADABOOST,WSCDS,2,0.5306451612903226
PASSIVE AGGRESSIVE+GAUSSIAN NB,WRCP,2,0.5301075268817205
SGD LOG+NEAREST CENTROID,ARC,2,0.5298387096774193
SGD LOG+PASSIVE AGGRESSIVE,ARC,2,0.5293010752688172
RANDOM FOREST+PASSIVE AGGRESSIVE+NEAREST CENTROID,WSCDS,3,0.5293010752688172
RANDOM FOREST+NEAREST CENTROID+EXTRA TREES,WSCDS,3,0.5290322580645161
RANDOM FOREST+GAUSSIAN NB+NEAREST CENTROID,WSCP,3,0.5290322580645161
PERCEPTRON+NEAREST CENTROID,ASC,2,0.5290322580645161
PERCEPTRON+NEAREST CENTROID,WSCP,2,0.5290322580645161
RANDOM FOREST+GAUSSIAN NB+NEAREST CENTROID,ASC,3,0.5287634408602151
PASSIVE AGGRESSIVE+NEAREST CENTROID,ASC,2,0.5287634408602151
NEAREST CENTROID+EXTRA TREES,WSCDS,2,0.5287634408602151
GAUSSIAN NB+NEAREST CENTROID,WSCDS,2,0.5284946236559139
RANDOM FOREST+SGD LOG+NEAREST CENTROID,ASC,3,0.5282258064516129
GAUSSIAN NB+DECISION TREE,ASC,2,0.5282258064516129
SGD HINGE+NEAREST CENTROID,ARC,2,0.5279569892473118
RANDOM FOREST+PERCEPTRON+NEAREST CENTROID,WSCDS,3,0.5279569892473118
GRADIENT BOOST+NEAREST CENTROID,WSCDS,2,0.5276881720430108
RANDOM FOREST+GAUSSIAN NB+NEAREST CENTROID,WSCDS,3,0.5276881720430108
PASSIVE AGGRESSIVE+ADABOOST,ARC,2,0.5274193548387097
RANDOM FOREST+PERCEPTRON+NEAREST CENTROID,WSCP,3,0.5274193548387097
RANDOM FOREST+SGD HINGE+NEAREST CENTROID,WRCDS,3,0.5274193548387097
SGD LOG+NEAREST CENTROID,WRCP,2,0.5274193548387097
SGD LOG+NEAREST CENTROID,WSCP,2,0.5274193548387097
SGD HINGE+PERCEPTRON,ARC,2,0.5274193548387097
GAUSSIAN NB+NEAREST CENTROID,WSCP,2,0.5271505376344086
GAUSSIAN NB+NEAREST CENTROID,ASC,2,0.5268817204301075
PASSIVE AGGRESSIVE+GAUSSIAN NB,ARC,2,0.5268817204301075
RANDOM FOREST+PASSIVE AGGRESSIVE+NEAREST CENTROID,WSCP,3,0.5268817204301075
SGD LOG+GAUSSIAN NB,ASC,2,0.5268817204301075
RANDOM FOREST+PERCEPTRON+NEAREST CENTROID,ASC,3,0.5266129032258065
GAUSSIAN NB+DECISION TREE,WSCP,2,0.5263440860215054
RANDOM FOREST+GRADIENT BOOST+NEAREST CENTROID,WSCDS,3,0.5263440860215054
PASSIVE AGGRESSIVE+ADABOOST,WRCP,2,0.5263440860215054
RANDOM FOREST+PASSIVE AGGRESSIVE+NEAREST CENTROID,ASC,3,0.5263440860215054
PASSIVE AGGRESSIVE+ADABOOST,WRCDS,2,0.5263440860215054
RANDOM FOREST+SGD LOG+NEAREST CENTROID,WSCP,3,0.5263440860215054
NEAREST CENTROID+ADABOOST,WRCP,2,0.5263440860215054
NEAREST CENTROID+ADABOOST,ARC,2,0.5263440860215054
RANDOM FOREST+NEAREST CENTROID+DECISION TREE,ASC,3,0.5263440860215054
SGD LOG+GAUSSIAN NB,WSCP,2,0.5263440860215054
SGD LOG+GAUSSIAN NB,ARC,2,0.5260752688172043
GAUSSIAN NB+DECISION TREE,WSCDS,2,0.5260752688172043
RANDOM FOREST+NEAREST CENTROID+ADABOOST,ASC,3,0.5260752688172043
LDA+NEAREST CENTROID,ASC,2,0.5255376344086021
RANDOM FOREST+NEAREST CENTROID+EXTRA TREES,ASC,3,0.5252688172043011
RANDOM FOREST+PASSIVE AGGRESSIVE+RIDGE,WRCP,3,0.5252688172043011
PERCEPTRON+GAUSSIAN NB,WSCDS,2,0.5252688172043011
LDA+NEAREST CENTROID,WSCP,2,0.5252688172043011
RANDOM FOREST+PASSIVE AGGRESSIVE+RIDGE,ARC,3,0.5252688172043011
GRADIENT BOOST+LOGISTIC REGRESSION+NEAREST CENTROID,WSCDS,3,0.525
NEAREST CENTROID+EXTRA TREES,ASC,2,0.525
PASSIVE AGGRESSIVE+GAUSSIAN NB,WRCDS,2,0.524731182795699
RIDGE+NEAREST CENTROID,WRCDS,2,0.524731182795699
LDA+NEAREST CENTROID,WRCDS,2,0.524731182795699
PASSIVE AGGRESSIVE+NEAREST CENTROID,WRCP,2,0.524731182795699
RANDOM FOREST+PASSIVE AGGRESSIVE+RIDGE,WRCDS,3,0.524731182795699
GRADIENT BOOST+NEAREST CENTROID,WSCP,2,0.5244623655913978
GRADIENT BOOST+GAUSSIAN NB,ASC,2,0.5244623655913978
RANDOM FOREST+NEAREST CENTROID,WSCDS,2,0.5244623655913978
RANDOM FOREST+NEAREST CENTROID+DECISION TREE,WSCP,3,0.5244623655913978
RIDGE+NEAREST CENTROID,WSCDS,2,0.5244623655913978
RANDOM FOREST+PASSIVE AGGRESSIVE+LDA,WRCP,3,0.5241935483870968
NEAREST CENTROID+ADABOOST,WRCDS,2,0.5241935483870968
GAUSSIAN NB,individual,1,0.5241935483870968
PASSIVE AGGRESSIVE+NEAREST CENTROID,ARC,2,0.5241935483870968
GRADIENT BOOST+GAUSSIAN NB,WSCP,2,0.5241935483870968
GRADIENT BOOST+NEAREST CENTROID,ASC,2,0.5241935483870968
RANDOM FOREST+RIDGE+NEAREST CENTROID,WRCDS,3,0.5241935483870968
GRADIENT BOOST+GAUSSIAN NB,WSCDS,2,0.5241935483870968
GAUSSIAN NB+ADABOOST,ASC,2,0.5239247311827957
GAUSSIAN NB+EXTRA TREES,WSCDS,2,0.5239247311827957
PERCEPTRON+DECISION TREE,WSCDS,2,0.5239247311827957
RANDOM FOREST+RIDGE+GAUSSIAN NB,WSCP,3,0.5239247311827957
LDA+NEAREST CENTROID,WSCDS,2,0.5239247311827957
PASSIVE AGGRESSIVE+NEAREST CENTROID,WRCDS,2,0.5236559139784946
PASSIVE AGGRESSIVE+DECISION TREE,ARC,2,0.5236559139784946
NEAREST CENTROID,individual,1,0.5236559139784946
RANDOM FOREST+PASSIVE AGGRESSIVE+LDA,WRCDS,3,0.5236559139784946
RANDOM FOREST+NEAREST CENTROID+EXTRA TREES,WSCP,3,0.5236559139784946
RANDOM FOREST+PASSIVE AGGRESSIVE+GAUSSIAN NB,WSCDS,3,0.5236559139784946
PASSIVE AGGRESSIVE+DECISION TREE,WRCP,2,0.5236559139784946
RANDOM FOREST+RIDGE+GAUSSIAN NB,ASC,3,0.5236559139784946
RIDGE+PERCEPTRON,WRCDS,2,0.5236559139784946
RANDOM FOREST+PASSIVE AGGRESSIVE+LDA,ARC,3,0.5233870967741936
PERCEPTRON+GAUSSIAN NB,ASC,2,0.5233870967741936
RANDOM FOREST+NEAREST CENTROID+ADABOOST,WSCP,3,0.5233870967741936
RANDOM FOREST+GAUSSIAN NB,WSCDS,2,0.5233870967741936
RANDOM FOREST+PERCEPTRON+GAUSSIAN NB,WSCDS,3,0.5231182795698924
RANDOM FOREST+GAUSSIAN NB+EXTRA TREES,WSCDS,3,0.5231182795698924
NEAREST CENTROID+EXTRA TREES,WSCP,2,0.5231182795698924
PASSIVE AGGRESSIVE+GAUSSIAN NB,WSCP,2,0.5231182795698924
PASSIVE AGGRESSIVE+DECISION TREE,WRCDS,2,0.5231182795698924
PERCEPTRON+GAUSSIAN NB,WSCP,2,0.5231182795698924
PERCEPTRON+ADABOOST,ARC,2,0.5231182795698924
RANDOM FOREST+RIDGE+PERCEPTRON,ARC,3,0.5231182795698924
GAUSSIAN NB+DECISION TREE,ARC,2,0.5231182795698924
RANDOM FOREST+SGD LOG+NEAREST CENTROID,WRCDS,3,0.5231182795698924
PERCEPTRON+DECISION TREE,ASC,2,0.5228494623655914
GAUSSIAN NB+NEAREST CENTROID,ARC,2,0.5228494623655914
LDA+GAUSSIAN NB,WSCDS,2,0.5228494623655914
SGD HINGE+PASSIVE AGGRESSIVE,ARC,2,0.5225806451612903
NEAREST CENTROID+DECISION TREE,ASC,2,0.5225806451612903
NEAREST CENTROID+DECISION TREE,WRCDS,2,0.5225806451612903
RANDOM FOREST+GAUSSIAN NB+ADABOOST,WSCDS,3,0.5225806451612903
SGD LOG+PERCEPTRON,WRCP,2,0.5225806451612903
NEAREST CENTROID+DECISION TREE,WSCP,2,0.5225806451612903
PERCEPTRON+ADABOOST,WRCP,2,0.5225806451612903
RANDOM FOREST+NEAREST CENTROID+ADABOOST,WRCDS,3,0.5225806451612903
GAUSSIAN NB+ADABOOST,WSCP,2,0.5223118279569893
GAUSSIAN NB+EXTRA TREES,ASC,2,0.5223118279569893
RIDGE+PERCEPTRON,ASC,2,0.5223118279569893
LDA+DECISION TREE,ARC,2,0.5220430107526882
DECISION TREE+EXTRA TREES,WRCDS,2,0.5220430107526882
GAUSSIAN NB+NEAREST CENTROID,WRCDS,2,0.5220430107526882
DECISION TREE+EXTRA TREES,WSCDS,2,0.5220430107526882
RANDOM FOREST+PASSIVE AGGRESSIVE+DECISION TREE,WRCP,3,0.5220430107526882
RANDOM FOREST+PERCEPTRON+LDA,ARC,3,0.5220430107526882
RANDOM FOREST+RIDGE+GAUSSIAN NB,WRCP,3,0.5220430107526882
NEAREST CENTROID+DECISION TREE,WSCDS,2,0.5220430107526882
RANDOM FOREST+LDA+GAUSSIAN NB,WSCDS,3,0.5220430107526882
RIDGE+GAUSSIAN NB,WSCDS,2,0.5220430107526882
PERCEPTRON+DECISION TREE,ARC,2,0.5220430107526882
PERCEPTRON+ADABOOST,WRCDS,2,0.5220430107526882
RANDOM FOREST+LOGISTIC REGRESSION+NEAREST CENTROID,WSCP,3,0.5220430107526882
RIDGE+DECISION TREE,ARC,2,0.5220430107526882
GRADIENT BOOST+MLP CLASSIFIER+NEAREST CENTROID,WSCDS,3,0.5220430107526882
RANDOM FOREST+LOGISTIC REGRESSION+NEAREST CENTROID,WSCDS,3,0.521774193548387
LOGISTIC REGRESSION+DECISION TREE,WSCDS,2,0.521774193548387
LOGISTIC REGRESSION+NEAREST CENTROID,WSCDS,2,0.521774193548387
MLP CLASSIFIER+NEAREST CENTROID,WSCDS,2,0.521774193548387
PASSIVE AGGRESSIVE+GAUSSIAN NB,ASC,2,0.521774193548387
PASSIVE AGGRESSIVE+GAUSSIAN NB,WSCDS,2,0.521774193548387
RANDOM FOREST+LOGISTIC REGRESSION+NEAREST CENTROID,ASC,3,0.521774193548387
RANDOM FOREST+RIDGE+GAUSSIAN NB,ARC,3,0.521505376344086
GAUSSIAN NB+ADABOOST,WSCDS,2,0.521505376344086
DECISION TREE+EXTRA TREES,ARC,2,0.521505376344086
RANDOM FOREST+LDA+NEAREST CENTROID,WSCDS,3,0.521505376344086
RANDOM FOREST+PERCEPTRON+LDA,WRCDS,3,0.521505376344086
RANDOM FOREST+RIDGE+EXTRA TREES,WRCDS,3,0.521505376344086
RANDOM FOREST+RIDGE+NEAREST CENTROID,WSCDS,3,0.521505376344086
RANDOM FOREST+RIDGE+NEAREST CENTROID,ARC,3,0.521505376344086
RANDOM FOREST+NEAREST CENTROID+DECISION TREE,WSCDS,3,0.521505376344086
GRADIENT BOOST+SGD LOG+NEAREST CENTROID,ASC,3,0.521505376344086
RIDGE+GAUSSIAN NB,WSCP,2,0.521505376344086
GAUSSIAN NB+NEAREST CENTROID,WRCP,2,0.521505376344086
LDA+GAUSSIAN NB,WSCP,2,0.521505376344086
PASSIVE AGGRESSIVE+RIDGE,WRCP,2,0.521505376344086
RIDGE+DECISION TREE,WRCDS,2,0.521505376344086
RANDOM FOREST+GRADIENT BOOST+NEAREST CENTROID,ASC,3,0.521236559139785
RANDOM FOREST+LDA+NEAREST CENTROID,ARC,3,0.521236559139785
RANDOM FOREST+LDA+NEAREST CENTROID,ASC,3,0.521236559139785
RANDOM FOREST+MLP CLASSIFIER+NEAREST CENTROID,WSCDS,3,0.521236559139785
PERCEPTRON+NEAREST CENTROID,WRCP,2,0.5209677419354839
RANDOM FOREST+PASSIVE AGGRESSIVE+NEAREST CENTROID,WRCDS,3,0.5209677419354839
RANDOM FOREST+LDA+NEAREST CENTROID,WSCP,3,0.5209677419354839
RANDOM FOREST+LDA+GAUSSIAN NB,WRCP,3,0.5209677419354839
RANDOM FOREST+RIDGE+PERCEPTRON,WRCP,3,0.5209677419354839
RANDOM FOREST+RIDGE+PERCEPTRON,WRCDS,3,0.5209677419354839
RANDOM FOREST+GAUSSIAN NB,WRCDS,2,0.5209677419354839
PERCEPTRON+GAUSSIAN NB,ARC,2,0.5209677419354839
RIDGE+DECISION TREE,WRCP,2,0.5209677419354839
PERCEPTRON+GAUSSIAN NB,WRCP,2,0.5209677419354839
PASSIVE AGGRESSIVE+RIDGE,WRCDS,2,0.5209677419354839
LDA+DECISION TREE,ASC,2,0.5206989247311828
RANDOM FOREST+GRADIENT BOOST+GAUSSIAN NB,WSCDS,3,0.5206989247311828
PASSIVE AGGRESSIVE+LDA,ARC,2,0.5206989247311828
RANDOM FOREST+GRADIENT BOOST+NEAREST CENTROID,WSCP,3,0.5204301075268817
RANDOM FOREST+PASSIVE AGGRESSIVE+GAUSSIAN NB,WRCDS,3,0.5204301075268817
LDA+DECISION TREE,WRCP,2,0.5204301075268817
GAUSSIAN NB+DECISION TREE,WRCP,2,0.5204301075268817
NEAREST CENTROID+DECISION TREE,ARC,2,0.5204301075268817
RIDGE+NEAREST CENTROID,WSCP,2,0.5204301075268817
RANDOM FOREST+GAUSSIAN NB+NEAREST CENTROID,WRCDS,3,0.5204301075268817
RANDOM FOREST+GAUSSIAN NB+NEAREST CENTROID,WRCP,3,0.5204301075268817
RANDOM FOREST+PERCEPTRON+GAUSSIAN NB,WRCDS,3,0.5204301075268817
LDA+GAUSSIAN NB,ASC,2,0.5204301075268817
RANDOM FOREST+RIDGE+GAUSSIAN NB,WRCDS,3,0.5204301075268817
RANDOM FOREST+RIDGE+GAUSSIAN NB,WSCDS,3,0.5201612903225806
PERCEPTRON+NEAREST CENTROID,ARC,2,0.5201612903225806
SGD LOG+PERCEPTRON,ARC,2,0.5201612903225806
LDA+DECISION TREE,WSCP,2,0.5201612903225806
RIDGE+PERCEPTRON,WSCP,2,0.5201612903225806
GRADIENT BOOST+LOGISTIC REGRESSION+GAUSSIAN NB,WSCP,3,0.5198924731182796
RANDOM FOREST+LDA+GAUSSIAN NB,WRCDS,3,0.5198924731182796
PERCEPTRON+DECISION TREE,WSCP,2,0.5198924731182796
PERCEPTRON+DECISION TREE,WRCP,2,0.5198924731182796
RANDOM FOREST+PASSIVE AGGRESSIVE+ADABOOST,WRCDS,3,0.5198924731182796
RANDOM FOREST+PASSIVE AGGRESSIVE+ADABOOST,ARC,3,0.5198924731182796
RANDOM FOREST+NEAREST CENTROID+EXTRA TREES,WRCDS,3,0.5198924731182796
RANDOM FOREST+LDA+NEAREST CENTROID,WRCP,3,0.5198924731182796
GRADIENT BOOST+LOGISTIC REGRESSION+NEAREST CENTROID,WSCP,3,0.5198924731182796
RANDOM FOREST+GAUSSIAN NB+NEAREST CENTROID,ARC,3,0.5198924731182796
RANDOM FOREST+PASSIVE AGGRESSIVE+PERCEPTRON,WRCDS,3,0.5198924731182796
PASSIVE AGGRESSIVE+RIDGE,ARC,2,0.5198924731182796
RANDOM FOREST+RIDGE+NEAREST CENTROID,WRCP,3,0.5198924731182796
RIDGE+NEAREST CENTROID,ASC,2,0.5196236559139785
DECISION TREE+EXTRA TREES,ASC,2,0.5196236559139785
RANDOM FOREST+PERCEPTRON+ADABOOST,WSCDS,3,0.5196236559139785
GRADIENT BOOST+ADABOOST,WSCDS,2,0.5196236559139785
GRADIENT BOOST+LOGISTIC REGRESSION+NEAREST CENTROID,ASC,3,0.5196236559139785
RANDOM FOREST+PERCEPTRON+ADABOOST,WSCP,3,0.5196236559139785
PASSIVE AGGRESSIVE+PERCEPTRON,WRCDS,2,0.5193548387096775
RANDOM FOREST+LDA+NEAREST CENTROID,WRCDS,3,0.5193548387096775
RANDOM FOREST+PERCEPTRON+LDA,WRCP,3,0.5193548387096775
RIDGE+GAUSSIAN NB,ASC,2,0.5193548387096775
RANDOM FOREST+PERCEPTRON+ADABOOST,ASC,3,0.5193548387096775
GRADIENT BOOST+SGD LOG+NEAREST CENTROID,WSCP,3,0.5193548387096775
LDA+GAUSSIAN NB,WRCDS,2,0.5193548387096775
LOGISTIC REGRESSION+GAUSSIAN NB,WSCP,2,0.5193548387096775
LOGISTIC REGRESSION+GAUSSIAN NB,ASC,2,0.5193548387096775
GAUSSIAN NB+DECISION TREE,WRCDS,2,0.5193548387096775
RANDOM FOREST+PERCEPTRON+GAUSSIAN NB,ASC,3,0.5190860215053763
RANDOM FOREST+LDA+GAUSSIAN NB,ARC,3,0.5190860215053763
GRADIENT BOOST+ADABOOST,ASC,2,0.5190860215053763
LDA+DECISION TREE,WSCDS,2,0.5190860215053763
LOGISTIC REGRESSION+NEAREST CENTROID,ASC,2,0.5190860215053763
LOGISTIC REGRESSION+NEAREST CENTROID,WSCP,2,0.5190860215053763
LOGISTIC REGRESSION+GAUSSIAN NB,WSCDS,2,0.5190860215053763
RANDOM FOREST+NEAREST CENTROID,WSCP,2,0.5190860215053763
GRADIENT BOOST+LOGISTIC REGRESSION+GAUSSIAN NB,WSCDS,3,0.5190860215053763
RANDOM FOREST+LOGISTIC REGRESSION+GAUSSIAN NB,WSCDS,3,0.5190860215053763
GRADIENT BOOST+LOGISTIC REGRESSION+GAUSSIAN NB,ASC,3,0.5190860215053763
RANDOM FOREST+NEAREST CENTROID,ASC,2,0.5188172043010753
RIDGE+GAUSSIAN NB,WRCDS,2,0.5188172043010753
PERCEPTRON+NEAREST CENTROID,WRCDS,2,0.5188172043010753
GAUSSIAN NB+ADABOOST,WRCDS,2,0.5188172043010753
GAUSSIAN NB+EXTRA TREES,WRCDS,2,0.5188172043010753
LDA+ADABOOST,WRCDS,2,0.5188172043010753
RANDOM FOREST+PASSIVE AGGRESSIVE+ADABOOST,WRCP,3,0.5188172043010753
SGD HINGE+NEAREST CENTROID,WSCDS,2,0.5188172043010753
RANDOM FOREST+PASSIVE AGGRESSIVE+NEAREST CENTROID,ARC,3,0.5188172043010753
EXTRA TREES+ADABOOST,ARC,2,0.5188172043010753
EXTRA TREES+ADABOOST,WRCP,2,0.5188172043010753
EXTRA TREES+ADABOOST,WRCDS,2,0.5188172043010753
GRADIENT BOOST+GAUSSIAN NB,WRCDS,2,0.5188172043010753
GRADIENT BOOST+ADABOOST,WSCP,2,0.5188172043010753
RANDOM FOREST+PERCEPTRON+GAUSSIAN NB,WSCP,3,0.5188172043010753
PERCEPTRON+DECISION TREE,WRCDS,2,0.5188172043010753
RANDOM FOREST+GRADIENT BOOST+ADABOOST,WSCDS,3,0.5182795698924731
RANDOM FOREST+NEAREST CENTROID+DECISION TREE,WRCDS,3,0.5182795698924731
LOGISTIC REGRESSION+NEAREST CENTROID,WRCDS,2,0.5182795698924731
GAUSSIAN NB+ADABOOST,WRCP,2,0.5182795698924731
NEAREST CENTROID+DECISION TREE,WRCP,2,0.5182795698924731
RANDOM FOREST+PERCEPTRON+NEAREST CENTROID,WRCDS,3,0.5182795698924731
RANDOM FOREST+GAUSSIAN NB+EXTRA TREES,WRCDS,3,0.5182795698924731
LDA+DECISION TREE,WRCDS,2,0.5182795698924731
RANDOM FOREST+PASSIVE AGGRESSIVE+GAUSSIAN NB,ARC,3,0.5182795698924731
GAUSSIAN NB+EXTRA TREES,WSCP,2,0.5182795698924731
GAUSSIAN NB+ADABOOST,ARC,2,0.5182795698924731
DECISION TREE+EXTRA TREES,WRCP,2,0.5182795698924731
RANDOM FOREST+RIDGE+NEAREST CENTROID,ASC,3,0.5182795698924731
PASSIVE AGGRESSIVE+LDA,WRCDS,2,0.5182795698924731
SGD HINGE+NEAREST CENTROID,WSCP,2,0.5180107526881721
SGD HINGE+NEAREST CENTROID,ASC,2,0.5180107526881721
ADABOOST,individual,1,0.5180107526881721
RANDOM FOREST+LDA+EXTRA TREES,ARC,3,0.5177419354838709
RANDOM FOREST+PASSIVE AGGRESSIVE+DECISION TREE,ARC,3,0.5177419354838709
PASSIVE AGGRESSIVE+PERCEPTRON,ARC,2,0.5177419354838709
RANDOM FOREST+GAUSSIAN NB+DECISION TREE,WSCDS,3,0.5177419354838709
PERCEPTRON+ADABOOST,WSCP,2,0.5177419354838709
RIDGE+GAUSSIAN NB,ARC,2,0.5177419354838709
RANDOM FOREST+RIDGE+NEAREST CENTROID,WSCP,3,0.5177419354838709
PASSIVE AGGRESSIVE+PERCEPTRON,WRCP,2,0.5177419354838709
GAUSSIAN NB+EXTRA TREES,WRCP,2,0.5177419354838709
GRADIENT BOOST+SGD HINGE+PASSIVE AGGRESSIVE,WSCDS,3,0.5174731182795699
RANDOM FOREST+ADABOOST,WSCDS,2,0.5174731182795699
RANDOM FOREST+GAUSSIAN NB+DECISION TREE,WSCP,3,0.5174731182795699
GAUSSIAN NB+EXTRA TREES,ARC,2,0.5174731182795699
RANDOM FOREST+GAUSSIAN NB+EXTRA TREES,ASC,3,0.5172043010752688
RANDOM FOREST+GAUSSIAN NB+EXTRA TREES,WSCP,3,0.5172043010752688
RANDOM FOREST+PASSIVE AGGRESSIVE,WRCP,2,0.5172043010752688
RIDGE+ADABOOST,WRCP,2,0.5172043010752688
RIDGE+PERCEPTRON,WSCDS,2,0.5172043010752688
NEAREST CENTROID+EXTRA TREES,WRCDS,2,0.5172043010752688
RANDOM FOREST+PASSIVE AGGRESSIVE+NEAREST CENTROID,WRCP,3,0.5172043010752688
RANDOM FOREST+SGD HINGE+GAUSSIAN NB,WRCDS,3,0.5172043010752688
RANDOM FOREST+GAUSSIAN NB+ADABOOST,ASC,3,0.5172043010752688
PASSIVE AGGRESSIVE+LDA,WRCP,2,0.5172043010752688
RANDOM FOREST+PERCEPTRON+DECISION TREE,WRCDS,3,0.5172043010752688
RANDOM FOREST+PERCEPTRON+NEAREST CENTROID,WRCP,3,0.5172043010752688
MLP CLASSIFIER+GAUSSIAN NB,WSCDS,2,0.5172043010752688
LDA+ADABOOST,WSCDS,2,0.5172043010752688
RIDGE+PERCEPTRON,WRCP,2,0.5172043010752688
RANDOM FOREST+GAUSSIAN NB+ADABOOST,WSCP,3,0.5169354838709678
RANDOM FOREST+GAUSSIAN NB+DECISION TREE,ASC,3,0.5169354838709678
RANDOM FOREST+PASSIVE AGGRESSIVE+GAUSSIAN NB,WSCP,3,0.5169354838709678
PERCEPTRON+ADABOOST,WSCDS,2,0.5169354838709678
PERCEPTRON+GAUSSIAN NB,WRCDS,2,0.5166666666666667
RIDGE+ADABOOST,ARC,2,0.5166666666666667
RIDGE+GAUSSIAN NB,WRCP,2,0.5166666666666667
RANDOM FOREST+PERCEPTRON+DECISION TREE,WRCP,3,0.5166666666666667
RANDOM FOREST+GAUSSIAN NB+ADABOOST,WRCDS,3,0.5166666666666667
RANDOM FOREST+PASSIVE AGGRESSIVE+PERCEPTRON,WRCP,3,0.5166666666666667
RANDOM FOREST+SGD HINGE+PASSIVE AGGRESSIVE,WRCP,3,0.5166666666666667
RIDGE+PERCEPTRON,ARC,2,0.5166666666666667
RANDOM FOREST+PERCEPTRON+GAUSSIAN NB,ARC,3,0.5166666666666667
RANDOM FOREST+PERCEPTRON+DECISION TREE,ARC,3,0.5166666666666667
RIDGE+ADABOOST,WSCDS,2,0.5166666666666667
RIDGE+ADABOOST,ASC,2,0.5163978494623656
RANDOM FOREST+GRADIENT BOOST+GAUSSIAN NB,ASC,3,0.5163978494623656
LDA+GAUSSIAN NB,ARC,2,0.5163978494623656
RANDOM FOREST+PERCEPTRON+NEAREST CENTROID,ARC,3,0.5163978494623656
PERCEPTRON+ADABOOST,ASC,2,0.5163978494623656
RIDGE+NEAREST CENTROID,ARC,2,0.5163978494623656
SGD HINGE+GAUSSIAN NB,WSCP,2,0.5161290322580645
RANDOM FOREST+NEAREST CENTROID,WRCDS,2,0.5161290322580645
LDA+ADABOOST,WSCP,2,0.5161290322580645
RANDOM FOREST+GRADIENT BOOST+GAUSSIAN NB,WSCP,3,0.5161290322580645
RANDOM FOREST+NEAREST CENTROID+DECISION TREE,ARC,3,0.5161290322580645
RIDGE+DECISION TREE,ASC,2,0.5161290322580645
RANDOM FOREST+PASSIVE AGGRESSIVE+PERCEPTRON,ARC,3,0.5161290322580645
RANDOM FOREST+PASSIVE AGGRESSIVE+GAUSSIAN NB,WRCP,3,0.5161290322580645
RANDOM FOREST+PERCEPTRON+GAUSSIAN NB,WRCP,3,0.5161290322580645
RANDOM FOREST+GAUSSIAN NB+EXTRA TREES,WRCP,3,0.5161290322580645
RANDOM FOREST+PASSIVE AGGRESSIVE+DECISION TREE,WRCDS,3,0.5161290322580645
RANDOM FOREST+RIDGE+LDA,ARC,3,0.5161290322580645
RANDOM FOREST+PASSIVE AGGRESSIVE,WRCDS,2,0.5161290322580645
RANDOM FOREST+RIDGE+EXTRA TREES,ARC,3,0.5161290322580645
RANDOM FOREST+RIDGE+EXTRA TREES,WRCP,3,0.5161290322580645
RIDGE+DECISION TREE,WSCDS,2,0.5158602150537634
RANDOM FOREST+PASSIVE AGGRESSIVE+ADABOOST,ASC,3,0.5158602150537634
RIDGE+ADABOOST,WSCP,2,0.5158602150537634
LOGISTIC REGRESSION+DECISION TREE,WSCP,2,0.5158602150537634
LOGISTIC REGRESSION+DECISION TREE,ASC,2,0.5158602150537634
DECISION TREE+ADABOOST,WRCDS,2,0.5158602150537634
SGD HINGE+GAUSSIAN NB,WSCDS,2,0.5155913978494624
PASSIVE AGGRESSIVE+EXTRA TREES,WRCP,2,0.5155913978494624
GRADIENT BOOST+LOGISTIC REGRESSION+ADABOOST,WSCP,3,0.5155913978494624
GRADIENT BOOST+PASSIVE AGGRESSIVE,WRCDS,2,0.5155913978494624
RANDOM FOREST+LDA+EXTRA TREES,WRCDS,3,0.5155913978494624
LDA+ADABOOST,WRCP,2,0.5155913978494624
RANDOM FOREST+NEAREST CENTROID+DECISION TREE,WRCP,3,0.5155913978494624
SGD LOG+GAUSSIAN NB,WRCDS,2,0.5155913978494624
RANDOM FOREST+PASSIVE AGGRESSIVE+ADABOOST,WSCP,3,0.5155913978494624
RIDGE+NEAREST CENTROID,WRCP,2,0.5155913978494624
GRADIENT BOOST+SGD LOG+GAUSSIAN NB,WSCDS,3,0.5153225806451613
RANDOM FOREST+SGD LOG+GAUSSIAN NB,WSCP,3,0.5153225806451613
RANDOM FOREST+SGD LOG+GAUSSIAN NB,WSCDS,3,0.5153225806451613
RANDOM FOREST+GAUSSIAN NB+EXTRA TREES,ARC,3,0.5153225806451613
RANDOM FOREST+GRADIENT BOOST+NEAREST CENTROID,WRCDS,3,0.5150537634408602
RANDOM FOREST+LDA+EXTRA TREES,WRCP,3,0.5150537634408602
LOGISTIC REGRESSION+GAUSSIAN NB,WRCDS,2,0.5150537634408602
DECISION TREE,individual,1,0.5150537634408602
GRADIENT BOOST+SGD LOG+NEAREST CENTROID,WRCDS,3,0.5150537634408602
RANDOM FOREST+SGD HINGE+NEAREST CENTROID,WSCDS,3,0.5150537634408602
RANDOM FOREST+GRADIENT BOOST+ADABOOST,ASC,3,0.5147849462365591
RANDOM FOREST+GRADIENT BOOST+ADABOOST,WSCP,3,0.5147849462365591
RIDGE+DECISION TREE,WSCP,2,0.5147849462365591
LOGISTIC REGRESSION+ADABOOST,WSCDS,2,0.5147849462365591
RANDOM FOREST+SGD LOG+GAUSSIAN NB,ASC,3,0.5147849462365591
RIDGE+EXTRA TREES,WRCP,2,0.5145161290322581
PASSIVE AGGRESSIVE+EXTRA TREES,ARC,2,0.5145161290322581
LDA+ADABOOST,ARC,2,0.5145161290322581
LDA+NEAREST CENTROID,ARC,2,0.5145161290322581
LDA+GAUSSIAN NB,WRCP,2,0.5145161290322581
RANDOM FOREST+LDA+GAUSSIAN NB,ASC,3,0.5145161290322581
RANDOM FOREST+GAUSSIAN NB+DECISION TREE,WRCP,3,0.5145161290322581
RANDOM FOREST+PASSIVE AGGRESSIVE,ARC,2,0.5145161290322581
GRADIENT BOOST+MLP CLASSIFIER+GAUSSIAN NB,WSCP,3,0.514247311827957
RANDOM FOREST+EXTRA TREES+ADABOOST,WSCDS,3,0.514247311827957
RANDOM FOREST+LOGISTIC REGRESSION+GAUSSIAN NB,WSCP,3,0.514247311827957
RANDOM FOREST+SGD HINGE+GAUSSIAN NB,WSCP,3,0.514247311827957
SGD LOG+GAUSSIAN NB,WSCDS,2,0.513978494623656
LOGISTIC REGRESSION+RIDGE,WSCDS,2,0.513978494623656
LDA+ADABOOST,ASC,2,0.513978494623656
GRADIENT BOOST+MLP CLASSIFIER+GAUSSIAN NB,WSCDS,3,0.513978494623656
NEAREST CENTROID+EXTRA TREES,ARC,2,0.513978494623656
PASSIVE AGGRESSIVE+EXTRA TREES,WRCDS,2,0.513978494623656
RANDOM FOREST+GAUSSIAN NB+ADABOOST,WRCP,3,0.513978494623656
RANDOM FOREST+GAUSSIAN NB,WSCP,2,0.513978494623656
GRADIENT BOOST+SGD HINGE+PASSIVE AGGRESSIVE,ASC,3,0.513978494623656
RANDOM FOREST+GAUSSIAN NB,ASC,2,0.513978494623656
GRADIENT BOOST+MLP CLASSIFIER+GAUSSIAN NB,ASC,3,0.5137096774193548
RANDOM FOREST+ADABOOST,WSCP,2,0.5137096774193548
DECISION TREE+ADABOOST,WRCP,2,0.5137096774193548
PASSIVE AGGRESSIVE+DECISION TREE,WSCDS,2,0.5137096774193548
RANDOM FOREST+ADABOOST,ASC,2,0.5137096774193548
RANDOM FOREST+PASSIVE AGGRESSIVE+GAUSSIAN NB,ASC,3,0.5137096774193548
RANDOM FOREST+LOGISTIC REGRESSION+GAUSSIAN NB,ASC,3,0.5137096774193548
RANDOM FOREST+MLP CLASSIFIER+GAUSSIAN NB,WSCDS,3,0.5134408602150538
LOGISTIC REGRESSION+ADABOOST,WSCP,2,0.5134408602150538
SGD HINGE+PASSIVE AGGRESSIVE,WRCDS,2,0.5134408602150538
RANDOM FOREST+GRADIENT BOOST+PASSIVE AGGRESSIVE,ARC,3,0.5134408602150538
GRADIENT BOOST+SGD HINGE+PASSIVE AGGRESSIVE,WRCP,3,0.5134408602150538
PERCEPTRON+LDA,ARC,2,0.5134408602150538
RIDGE+LDA,ASC,2,0.5134408602150538
GRADIENT BOOST+NEAREST CENTROID,WRCDS,2,0.5134408602150538
LDA+NEAREST CENTROID,WRCP,2,0.5134408602150538
GRADIENT BOOST+LOGISTIC REGRESSION+ADABOOST,WSCDS,3,0.5134408602150538
LDA+EXTRA TREES,WRCDS,2,0.5134408602150538
RIDGE+LDA,WSCP,2,0.5131720430107527
RANDOM FOREST+PERCEPTRON+DECISION TREE,WSCDS,3,0.5131720430107527
GRADIENT BOOST+LOGISTIC REGRESSION+ADABOOST,ASC,3,0.5131720430107527
PASSIVE AGGRESSIVE+DECISION TREE,ASC,2,0.5131720430107527
RANDOM FOREST+LDA+ADABOOST,WSCDS,3,0.5131720430107527
RANDOM FOREST+GAUSSIAN NB,ARC,2,0.5129032258064516
RANDOM FOREST+GAUSSIAN NB+ADABOOST,ARC,3,0.5129032258064516
RANDOM FOREST+SGD HINGE+DECISION TREE,WRCDS,3,0.5129032258064516
RANDOM FOREST+PERCEPTRON,WRCP,2,0.5129032258064516
RANDOM FOREST+GAUSSIAN NB,WRCP,2,0.5129032258064516
PERCEPTRON+LDA,WRCDS,2,0.5129032258064516
PERCEPTRON+LDA,WRCP,2,0.5129032258064516
LDA+EXTRA TREES,WRCP,2,0.5129032258064516
LOGISTIC REGRESSION+DECISION TREE,WRCDS,2,0.5129032258064516
DECISION TREE+EXTRA TREES,WSCP,2,0.5129032258064516
RANDOM FOREST+PERCEPTRON+EXTRA TREES,ARC,3,0.5129032258064516
LDA+EXTRA TREES,ARC,2,0.5129032258064516
RANDOM FOREST+GRADIENT BOOST+PASSIVE AGGRESSIVE,WRCP,3,0.5129032258064516
NEAREST CENTROID+EXTRA TREES,WRCP,2,0.5129032258064516
RANDOM FOREST+LDA+GAUSSIAN NB,WSCP,3,0.5126344086021506
DECISION TREE+ADABOOST,ARC,2,0.5126344086021506
RANDOM FOREST+DECISION TREE,WRCDS,2,0.5126344086021506
RANDOM FOREST+PASSIVE AGGRESSIVE+ADABOOST,WSCDS,3,0.5126344086021506
PERCEPTRON+EXTRA TREES,WRCP,2,0.5123655913978494
RANDOM FOREST+DECISION TREE+ADABOOST,ARC,3,0.5123655913978494
PERCEPTRON+EXTRA TREES,ARC,2,0.5123655913978494
GRADIENT BOOST+LOGISTIC REGRESSION+NEAREST CENTROID,WRCDS,3,0.5123655913978494
RANDOM FOREST+NEAREST CENTROID+ADABOOST,ARC,3,0.5123655913978494
GRADIENT BOOST+SGD LOG+GAUSSIAN NB,WRCDS,3,0.5123655913978494
RANDOM FOREST+NEAREST CENTROID,WRCP,2,0.5123655913978494
RANDOM FOREST+PERCEPTRON+ADABOOST,WRCP,3,0.5123655913978494
GRADIENT BOOST+DECISION TREE,WRCDS,2,0.5123655913978494
RIDGE+ADABOOST,WRCDS,2,0.5123655913978494
RANDOM FOREST+RIDGE+DECISION TREE,WRCDS,3,0.5123655913978494
RANDOM FOREST+PERCEPTRON+ADABOOST,ARC,3,0.5123655913978494
LOGISTIC REGRESSION+RIDGE,ASC,2,0.5123655913978494
RANDOM FOREST+RIDGE+LDA,WRCP,3,0.5123655913978494
RANDOM FOREST+RIDGE+LDA,WRCDS,3,0.5123655913978494
RANDOM FOREST+LOGISTIC REGRESSION+NEAREST CENTROID,WRCDS,3,0.5123655913978494
RANDOM FOREST+SGD HINGE+NEAREST CENTROID,WSCP,3,0.5123655913978494
RANDOM FOREST+MLP CLASSIFIER+PASSIVE AGGRESSIVE,ARC,3,0.5123655913978494
GRADIENT BOOST+SGD HINGE+PASSIVE AGGRESSIVE,WRCDS,3,0.5123655913978494
RANDOM FOREST+PERCEPTRON,ARC,2,0.5123655913978494
RIDGE+EXTRA TREES,ARC,2,0.5120967741935484
RANDOM FOREST+EXTRA TREES+ADABOOST,ASC,3,0.5120967741935484
RANDOM FOREST+GRADIENT BOOST+PERCEPTRON,WRCDS,3,0.5118279569892473
RANDOM FOREST+GRADIENT BOOST+PASSIVE AGGRESSIVE,WRCDS,3,0.5118279569892473
RANDOM FOREST+NEAREST CENTROID+ADABOOST,WRCP,3,0.5118279569892473
SGD HINGE+ADABOOST,WRCP,2,0.5118279569892473
MLP CLASSIFIER+NEAREST CENTROID,ASC,2,0.5118279569892473
RANDOM FOREST+GRADIENT BOOST+NEAREST CENTROID,ARC,3,0.5118279569892473
RANDOM FOREST+MLP CLASSIFIER+NEAREST CENTROID,WSCP,3,0.5118279569892473
RANDOM FOREST+NEAREST CENTROID+EXTRA TREES,ARC,3,0.5118279569892473
RIDGE+EXTRA TREES,WRCDS,2,0.5118279569892473
RANDOM FOREST+NEAREST CENTROID,ARC,2,0.5118279569892473
RANDOM FOREST+GAUSSIAN NB+DECISION TREE,ARC,3,0.5118279569892473
RANDOM FOREST+SGD HINGE+NEAREST CENTROID,ASC,3,0.5118279569892473
RANDOM FOREST+GRADIENT BOOST+NEAREST CENTROID,WRCP,3,0.5118279569892473
MLP CLASSIFIER+NEAREST CENTROID,WSCP,2,0.5118279569892473
RANDOM FOREST+GRADIENT BOOST+PERCEPTRON,ARC,3,0.5118279569892473
RANDOM FOREST+GRADIENT BOOST+PERCEPTRON,WRCP,3,0.5118279569892473
LOGISTIC REGRESSION+RIDGE,WSCP,2,0.5115591397849463
RIDGE,individual,1,0.5115591397849463
EXTRA TREES+ADABOOST,ASC,2,0.5115591397849463
RIDGE+LDA,WSCDS,2,0.5115591397849463
RANDOM FOREST+SGD HINGE+PASSIVE AGGRESSIVE,WSCP,3,0.5112903225806451
MLP CLASSIFIER+DECISION TREE,WRCDS,2,0.5112903225806451
RANDOM FOREST+PASSIVE AGGRESSIVE+PERCEPTRON,WSCP,3,0.5112903225806451
SGD HINGE+ADABOOST,WSCDS,2,0.5112903225806451
RANDOM FOREST+PASSIVE AGGRESSIVE+EXTRA TREES,WRCDS,3,0.5112903225806451
MLP CLASSIFIER+PASSIVE AGGRESSIVE,WRCDS,2,0.5112903225806451
RANDOM FOREST+GRADIENT BOOST+GAUSSIAN NB,WRCDS,3,0.5112903225806451
RANDOM FOREST+PERCEPTRON,WRCDS,2,0.5112903225806451
RIDGE+LDA,WRCDS,2,0.5112903225806451
GRADIENT BOOST+LOGISTIC REGRESSION+DECISION TREE,WSCDS,3,0.5112903225806451
PASSIVE AGGRESSIVE+ADABOOST,WSCDS,2,0.5112903225806451
RANDOM FOREST+PERCEPTRON+ADABOOST,WRCDS,3,0.5112903225806451
GRADIENT BOOST+PERCEPTRON,WRCDS,2,0.5112903225806451
RANDOM FOREST+PERCEPTRON+EXTRA TREES,WRCP,3,0.5112903225806451
RANDOM FOREST+GAUSSIAN NB+DECISION TREE,WRCDS,3,0.5112903225806451
GRADIENT BOOST+PASSIVE AGGRESSIVE,WRCP,2,0.5112903225806451
RANDOM FOREST+MLP CLASSIFIER+NEAREST CENTROID,WRCDS,3,0.5112903225806451
PASSIVE AGGRESSIVE+ADABOOST,WSCP,2,0.511021505376344
RANDOM FOREST+MLP CLASSIFIER+NEAREST CENTROID,ASC,3,0.511021505376344
PERCEPTRON+EXTRA TREES,WRCDS,2,0.510752688172043
GRADIENT BOOST+LOGISTIC REGRESSION+GAUSSIAN NB,WRCDS,3,0.510752688172043
RANDOM FOREST+EXTRA TREES+ADABOOST,WRCDS,3,0.510752688172043
RANDOM FOREST+EXTRA TREES+ADABOOST,WSCP,3,0.510752688172043
RIDGE+LDA,WRCP,2,0.510752688172043
GRADIENT BOOST+NEAREST CENTROID,ARC,2,0.510752688172043
GRADIENT BOOST+PERCEPTRON,ARC,2,0.510752688172043
LOGISTIC REGRESSION+ADABOOST,ASC,2,0.510752688172043
LOGISTIC REGRESSION+DECISION TREE,WRCP,2,0.510752688172043
LOGISTIC REGRESSION+DECISION TREE,ARC,2,0.510752688172043
LOGISTIC REGRESSION+PASSIVE AGGRESSIVE,WRCDS,2,0.510752688172043
RANDOM FOREST+MLP CLASSIFIER+PASSIVE AGGRESSIVE,WRCDS,3,0.510752688172043
RANDOM FOREST+PERCEPTRON+DECISION TREE,ASC,3,0.510752688172043
SGD HINGE+EXTRA TREES,WRCP,2,0.510752688172043
RANDOM FOREST+LOGISTIC REGRESSION+NEAREST CENTROID,WRCP,3,0.510752688172043
PERCEPTRON+LDA,WSCP,2,0.510752688172043
GRADIENT BOOST+SGD LOG+PASSIVE AGGRESSIVE,WRCP,3,0.510752688172043
GRADIENT BOOST+SGD HINGE+PASSIVE AGGRESSIVE,ARC,3,0.510752688172043
RANDOM FOREST+LDA+ADABOOST,WSCP,3,0.510752688172043
GRADIENT BOOST+PERCEPTRON,WRCP,2,0.510752688172043
RIDGE+LDA,ARC,2,0.510752688172043
RANDOM FOREST+SGD HINGE+NEAREST CENTROID,WRCP,3,0.510752688172043
RANDOM FOREST+PASSIVE AGGRESSIVE+PERCEPTRON,WSCDS,3,0.510752688172043
RANDOM FOREST+LOGISTIC REGRESSION+GAUSSIAN NB,WRCDS,3,0.510752688172043
RANDOM FOREST+SGD LOG+NEAREST CENTROID,ARC,3,0.510752688172043
RANDOM FOREST+SGD HINGE+PERCEPTRON,WSCP,3,0.510752688172043
GRADIENT BOOST+MLP CLASSIFIER+NEAREST CENTROID,WSCP,3,0.510483870967742
GRADIENT BOOST+SGD LOG+GAUSSIAN NB,WSCP,3,0.510483870967742
RANDOM FOREST+RIDGE+ADABOOST,WSCDS,3,0.510483870967742
GRADIENT BOOST+SGD LOG+GAUSSIAN NB,ASC,3,0.510483870967742
RANDOM FOREST+DECISION TREE+ADABOOST,WRCDS,3,0.5102150537634409
SGD HINGE+PERCEPTRON,WSCDS,2,0.5102150537634409
SGD HINGE+ADABOOST,ARC,2,0.5102150537634409
RANDOM FOREST+MLP CLASSIFIER+PASSIVE AGGRESSIVE,WRCP,3,0.5102150537634409
RANDOM FOREST+MLP CLASSIFIER+PERCEPTRON,WRCDS,3,0.5102150537634409
RANDOM FOREST+SGD LOG+DECISION TREE,WRCDS,3,0.5102150537634409
RANDOM FOREST+SGD LOG+PASSIVE AGGRESSIVE,WRCP,3,0.5102150537634409
RANDOM FOREST+SGD HINGE+NEAREST CENTROID,ARC,3,0.5102150537634409
RANDOM FOREST+EXTRA TREES,WRCP,2,0.5102150537634409
RANDOM FOREST+DECISION TREE,WSCDS,2,0.5102150537634409
GRADIENT BOOST+GAUSSIAN NB,ARC,2,0.5102150537634409
GRADIENT BOOST+NEAREST CENTROID,WRCP,2,0.5102150537634409
RANDOM FOREST+PERCEPTRON+LDA,ASC,3,0.5102150537634409
RANDOM FOREST+LDA+ADABOOST,ASC,3,0.5102150537634409
RANDOM FOREST+LDA,WRCDS,2,0.5102150537634409
GRADIENT BOOST+MLP CLASSIFIER+NEAREST CENTROID,ASC,3,0.5099462365591397
RANDOM FOREST+SGD HINGE+RIDGE,WSCDS,3,0.5099462365591397
RANDOM FOREST+SGD HINGE+GAUSSIAN NB,ASC,3,0.5099462365591397
RANDOM FOREST+DECISION TREE+EXTRA TREES,WSCDS,3,0.5099462365591397
RANDOM FOREST+LOGISTIC REGRESSION+SGD HINGE,ASC,3,0.5099462365591397
RANDOM FOREST+DECISION TREE,ARC,2,0.5099462365591397
GRADIENT BOOST+LOGISTIC REGRESSION+DECISION TREE,ASC,3,0.5099462365591397
LOGISTIC REGRESSION+PERCEPTRON,WRCP,2,0.5096774193548387
RANDOM FOREST+PASSIVE AGGRESSIVE+EXTRA TREES,WRCP,3,0.5096774193548387
SGD HINGE+RIDGE,WSCP,2,0.5096774193548387
RANDOM FOREST+PERCEPTRON+EXTRA TREES,WRCDS,3,0.5096774193548387
GRADIENT BOOST+DECISION TREE,ARC,2,0.5096774193548387
GRADIENT BOOST+PASSIVE AGGRESSIVE,ARC,2,0.5096774193548387
RANDOM FOREST+LOGISTIC REGRESSION+NEAREST CENTROID,ARC,3,0.5096774193548387
SGD HINGE+RIDGE,ASC,2,0.5096774193548387
RANDOM FOREST+RIDGE+ADABOOST,WSCP,3,0.5096774193548387
RANDOM FOREST+DECISION TREE+ADABOOST,WRCP,3,0.5096774193548387
MLP CLASSIFIER+GAUSSIAN NB,WSCP,2,0.5096774193548387
SGD HINGE+GAUSSIAN NB,ASC,2,0.5096774193548387
SGD HINGE+PERCEPTRON,ASC,2,0.5096774193548387
MLP CLASSIFIER+GAUSSIAN NB,ASC,2,0.5096774193548387
SGD HINGE+RIDGE,WSCDS,2,0.5096774193548387
RANDOM FOREST+SGD HINGE+PASSIVE AGGRESSIVE,ASC,3,0.5096774193548387
SGD HINGE+LDA,WSCP,2,0.5094086021505376
RANDOM FOREST+RIDGE+PERCEPTRON,ASC,3,0.5094086021505376
LDA,individual,1,0.5094086021505376
PASSIVE AGGRESSIVE+ADABOOST,ASC,2,0.5094086021505376
PERCEPTRON+LDA,ASC,2,0.5094086021505376
PERCEPTRON+LDA,WSCDS,2,0.5094086021505376
GRADIENT BOOST+PERCEPTRON,WSCP,2,0.5091397849462366
RANDOM FOREST+LDA+DECISION TREE,WRCDS,3,0.5091397849462366
RANDOM FOREST+NEAREST CENTROID+EXTRA TREES,WRCP,3,0.5091397849462366
GRADIENT BOOST+SGD LOG+PASSIVE AGGRESSIVE,ARC,3,0.5091397849462366
RANDOM FOREST+EXTRA TREES,WRCDS,2,0.5091397849462366
RANDOM FOREST+MLP CLASSIFIER+GAUSSIAN NB,WRCDS,3,0.5091397849462366
RANDOM FOREST+MLP CLASSIFIER+PERCEPTRON,ARC,3,0.5091397849462366
GRADIENT BOOST+PERCEPTRON,ASC,2,0.5091397849462366
GRADIENT BOOST+GAUSSIAN NB,WRCP,2,0.5091397849462366
SGD HINGE+PERCEPTRON,WRCDS,2,0.5091397849462366
RANDOM FOREST+PERCEPTRON+LDA,WSCDS,3,0.5091397849462366
RANDOM FOREST+MLP CLASSIFIER+PERCEPTRON,WRCP,3,0.5091397849462366
RANDOM FOREST+RIDGE+DECISION TREE,WRCP,3,0.5091397849462366
RANDOM FOREST+SGD HINGE+PERCEPTRON,WRCP,3,0.5091397849462366
RANDOM FOREST+RIDGE,WRCDS,2,0.5091397849462366
RANDOM FOREST+ADABOOST,ARC,2,0.5088709677419355
RANDOM FOREST+EXTRA TREES,ARC,2,0.5088709677419355
RANDOM FOREST+GRADIENT BOOST+GAUSSIAN NB,ARC,3,0.5088709677419355
RANDOM FOREST+PERCEPTRON+DECISION TREE,WSCP,3,0.5088709677419355
RANDOM FOREST+PERCEPTRON+LDA,WSCP,3,0.5088709677419355
GRADIENT BOOST+DECISION TREE,ASC,2,0.5088709677419355
RANDOM FOREST+LOGISTIC REGRESSION+ADABOOST,WSCP,3,0.5086021505376344
RANDOM FOREST+PASSIVE AGGRESSIVE+EXTRA TREES,ARC,3,0.5086021505376344
RANDOM FOREST+DECISION TREE+EXTRA TREES,WRCP,3,0.5086021505376344
RANDOM FOREST+LOGISTIC REGRESSION+GAUSSIAN NB,WRCP,3,0.5086021505376344
GRADIENT BOOST+PERCEPTRON,WSCDS,2,0.5086021505376344
RANDOM FOREST+DECISION TREE+EXTRA TREES,WRCDS,3,0.5086021505376344
RANDOM FOREST+PASSIVE AGGRESSIVE+PERCEPTRON,ASC,3,0.5086021505376344
RANDOM FOREST+ADABOOST,WRCP,2,0.5086021505376344
MLP CLASSIFIER+NEAREST CENTROID,WRCDS,2,0.5086021505376344
RANDOM FOREST+SGD HINGE+DECISION TREE,WRCP,3,0.5086021505376344
EXTRA TREES+ADABOOST,WSCP,2,0.5086021505376344
RANDOM FOREST+SGD HINGE+DECISION TREE,ARC,3,0.5086021505376344
SGD HINGE+LDA,ASC,2,0.5083333333333333
RANDOM FOREST+GRADIENT BOOST+GAUSSIAN NB,WRCP,3,0.5080645161290323
RANDOM FOREST+MLP CLASSIFIER+ADABOOST,WRCP,3,0.5080645161290323
RANDOM FOREST+SGD HINGE+RIDGE,ASC,3,0.5080645161290323
LOGISTIC REGRESSION+PASSIVE AGGRESSIVE,WRCP,2,0.5080645161290323
RANDOM FOREST+LOGISTIC REGRESSION+RIDGE,WRCDS,3,0.5080645161290323
MLP CLASSIFIER+ADABOOST,WSCDS,2,0.5080645161290323
RANDOM FOREST+ADABOOST,WRCDS,2,0.5080645161290323
RANDOM FOREST+MLP CLASSIFIER+ADABOOST,ARC,3,0.5080645161290323
SGD HINGE+DECISION TREE,WRCP,2,0.5080645161290323
EXTRA TREES+ADABOOST,WSCDS,2,0.5080645161290323
RANDOM FOREST+LOGISTIC REGRESSION+GAUSSIAN NB,ARC,3,0.5077956989247312
RANDOM FOREST+MLP CLASSIFIER+GAUSSIAN NB,WSCP,3,0.5077956989247312
SGD HINGE+ADABOOST,WSCP,2,0.5077956989247312
RANDOM FOREST+LOGISTIC REGRESSION+PASSIVE AGGRESSIVE,ARC,3,0.5075268817204301
RANDOM FOREST+SGD LOG+NEAREST CENTROID,WRCP,3,0.5075268817204301
RANDOM FOREST+SGD HINGE+PASSIVE AGGRESSIVE,WRCDS,3,0.5075268817204301
GRADIENT BOOST+SGD LOG+DECISION TREE,WRCDS,3,0.5075268817204301
RANDOM FOREST+SGD HINGE+RIDGE,WSCP,3,0.5075268817204301
MLP CLASSIFIER+PASSIVE AGGRESSIVE,WRCP,2,0.5075268817204301
RANDOM FOREST+SGD HINGE+GAUSSIAN NB,WSCDS,3,0.5075268817204301
RANDOM FOREST+RIDGE+ADABOOST,WRCDS,3,0.5075268817204301
GRADIENT BOOST+DECISION TREE,WRCP,2,0.5075268817204301
RANDOM FOREST+MLP CLASSIFIER+NEAREST CENTROID,WRCP,3,0.5075268817204301
RANDOM FOREST+LOGISTIC REGRESSION+ADABOOST,ASC,3,0.5075268817204301
MLP CLASSIFIER+DECISION TREE,WSCDS,2,0.5075268817204301
RANDOM FOREST+DECISION TREE+EXTRA TREES,ARC,3,0.5075268817204301
GRADIENT BOOST+DECISION TREE,WSCDS,2,0.5075268817204301
PERCEPTRON,individual,1,0.5075268817204301
RANDOM FOREST+LOGISTIC REGRESSION+ADABOOST,WSCDS,3,0.5075268817204301
RANDOM FOREST+SGD LOG+GAUSSIAN NB,WRCDS,3,0.5075268817204301
SGD HINGE+DECISION TREE,ARC,2,0.5075268817204301
LOGISTIC REGRESSION+RIDGE,WRCDS,2,0.5075268817204301
RANDOM FOREST+SGD HINGE+PERCEPTRON,WRCDS,3,0.5075268817204301
RANDOM FOREST+LOGISTIC REGRESSION+PASSIVE AGGRESSIVE,WRCDS,3,0.5075268817204301
SGD HINGE+LDA,WSCDS,2,0.507258064516129
RANDOM FOREST+SGD HINGE+PERCEPTRON,ARC,3,0.507258064516129
RANDOM FOREST+LDA+DECISION TREE,WSCDS,3,0.507258064516129
RANDOM FOREST+SGD HINGE+PERCEPTRON,ASC,3,0.507258064516129
RANDOM FOREST+MLP CLASSIFIER+GAUSSIAN NB,ASC,3,0.5069892473118279
RANDOM FOREST+MLP CLASSIFIER+ADABOOST,WRCDS,3,0.5069892473118279
RANDOM FOREST+RIDGE+PERCEPTRON,WSCP,3,0.5069892473118279
GRADIENT BOOST+SGD LOG+NEAREST CENTROID,ARC,3,0.5069892473118279
RANDOM FOREST+LDA,ARC,2,0.5069892473118279
MLP CLASSIFIER+PERCEPTRON,ARC,2,0.5069892473118279
LOGISTIC REGRESSION+PERCEPTRON,WRCDS,2,0.5069892473118279
RANDOM FOREST+LOGISTIC REGRESSION+EXTRA TREES,WRCP,3,0.5069892473118279
RANDOM FOREST+SGD LOG+DECISION TREE,WRCP,3,0.5069892473118279
RANDOM FOREST+MLP CLASSIFIER+NEAREST CENTROID,ARC,3,0.5069892473118279
LOGISTIC REGRESSION+PERCEPTRON,WSCP,2,0.5069892473118279
RANDOM FOREST+LOGISTIC REGRESSION+PERCEPTRON,WRCDS,3,0.5069892473118279
GRADIENT BOOST+LOGISTIC REGRESSION+DECISION TREE,WSCP,3,0.5067204301075269
RANDOM FOREST+RIDGE+ADABOOST,ASC,3,0.5067204301075269
RANDOM FOREST+LOGISTIC REGRESSION+SGD HINGE,WSCP,3,0.5067204301075269
GRADIENT BOOST+DECISION TREE,WSCP,2,0.5067204301075269
PASSIVE AGGRESSIVE+DECISION TREE,WSCP,2,0.5067204301075269
RANDOM FOREST+PASSIVE AGGRESSIVE+DECISION TREE,WSCDS,3,0.5064516129032258
MLP CLASSIFIER+PERCEPTRON,WRCP,2,0.5064516129032258
RANDOM FOREST+RIDGE+PERCEPTRON,WSCDS,3,0.5064516129032258
LOGISTIC REGRESSION+PERCEPTRON,ARC,2,0.5064516129032258
RANDOM FOREST+SGD LOG+PERCEPTRON,WRCP,3,0.5064516129032258
RANDOM FOREST+SGD HINGE,WSCDS,2,0.5064516129032258
MLP CLASSIFIER+ADABOOST,WSCP,2,0.5064516129032258
LOGISTIC REGRESSION+GAUSSIAN NB,WRCP,2,0.5064516129032258
RANDOM FOREST+SGD LOG+DECISION TREE,ARC,3,0.5064516129032258
SGD LOG+DECISION TREE,WRCDS,2,0.5064516129032258
RANDOM FOREST+SGD HINGE+PASSIVE AGGRESSIVE,WSCDS,3,0.5064516129032258
RANDOM FOREST+LOGISTIC REGRESSION+PASSIVE AGGRESSIVE,WRCP,3,0.5064516129032258
GRADIENT BOOST+LOGISTIC REGRESSION+PASSIVE AGGRESSIVE,WRCDS,3,0.5064516129032258
RANDOM FOREST+LOGISTIC REGRESSION+PERCEPTRON,WRCP,3,0.5064516129032258
RANDOM FOREST+EXTRA TREES+ADABOOST,ARC,3,0.5064516129032258
GRADIENT BOOST+LOGISTIC REGRESSION+PERCEPTRON,WSCP,3,0.5061827956989248
RANDOM FOREST+SGD HINGE+PASSIVE AGGRESSIVE,ARC,3,0.5061827956989248
RANDOM FOREST+GRADIENT BOOST+DECISION TREE,ASC,3,0.5061827956989248
RANDOM FOREST+LOGISTIC REGRESSION+PERCEPTRON,ARC,3,0.5061827956989248
MLP CLASSIFIER+ADABOOST,ASC,2,0.5061827956989248
SGD HINGE,individual,1,0.5061827956989248
SGD HINGE+EXTRA TREES,ARC,2,0.5059139784946236
RANDOM FOREST+RIDGE,ARC,2,0.5059139784946236
GRADIENT BOOST+SGD LOG+ADABOOST,ARC,3,0.5059139784946236
SGD LOG+DECISION TREE,ARC,2,0.5059139784946236
RANDOM FOREST+LOGISTIC REGRESSION+DECISION TREE,WRCDS,3,0.5059139784946236
RANDOM FOREST+RIDGE+DECISION TREE,WSCP,3,0.5059139784946236
GRADIENT BOOST+MLP CLASSIFIER+ADABOOST,WSCDS,3,0.5059139784946236
RANDOM FOREST+LOGISTIC REGRESSION+SGD HINGE,WSCDS,3,0.5056451612903226
RANDOM FOREST+MLP CLASSIFIER+GAUSSIAN NB,WRCP,3,0.5053763440860215
RANDOM FOREST+SGD HINGE+DECISION TREE,ASC,3,0.5053763440860215
RANDOM FOREST+MLP CLASSIFIER+RIDGE,WRCDS,3,0.5053763440860215
RANDOM FOREST+LDA+ADABOOST,WRCDS,3,0.5053763440860215
GRADIENT BOOST+LOGISTIC REGRESSION+PASSIVE AGGRESSIVE,WRCP,3,0.5053763440860215
GRADIENT BOOST+RIDGE,WSCDS,2,0.5053763440860215
MLP CLASSIFIER+PASSIVE AGGRESSIVE,ARC,2,0.5053763440860215
GRADIENT BOOST+MLP CLASSIFIER+NEAREST CENTROID,WRCDS,3,0.5053763440860215
RANDOM FOREST+EXTRA TREES+ADABOOST,WRCP,3,0.5053763440860215
GRADIENT BOOST+MLP CLASSIFIER+ADABOOST,WSCP,3,0.5051075268817204
RANDOM FOREST+SGD HINGE+PERCEPTRON,WSCDS,3,0.5051075268817204
RANDOM FOREST+PASSIVE AGGRESSIVE+RIDGE,WSCDS,3,0.5051075268817204
LOGISTIC REGRESSION+PERCEPTRON,WSCDS,2,0.5051075268817204
RANDOM FOREST+LDA+DECISION TREE,ASC,3,0.5051075268817204
MLP CLASSIFIER+DECISION TREE,WSCP,2,0.5051075268817204
PASSIVE AGGRESSIVE+RIDGE,ASC,2,0.5048387096774194
RANDOM FOREST+PASSIVE AGGRESSIVE+RIDGE,ASC,3,0.5048387096774194
RANDOM FOREST+SGD HINGE+LDA,WSCDS,3,0.5048387096774194
MLP CLASSIFIER+DECISION TREE,ASC,2,0.5048387096774194
MLP CLASSIFIER+PERCEPTRON,WRCDS,2,0.5048387096774194
RANDOM FOREST+LDA,WRCP,2,0.5048387096774194
SGD LOG+ADABOOST,ASC,2,0.5048387096774194
RANDOM FOREST+SGD HINGE+GAUSSIAN NB,ARC,3,0.5048387096774194
PASSIVE AGGRESSIVE+RIDGE,WSCDS,2,0.5048387096774194
RANDOM FOREST+LDA,WSCDS,2,0.5048387096774194
RANDOM FOREST+LOGISTIC REGRESSION+EXTRA TREES,WRCDS,3,0.5048387096774194
RANDOM FOREST+GRADIENT BOOST+DECISION TREE,WRCDS,3,0.5048387096774194
RANDOM FOREST+SGD LOG+PERCEPTRON,ARC,3,0.5048387096774194
SGD LOG+DECISION TREE,WRCP,2,0.5048387096774194
GRADIENT BOOST+LOGISTIC REGRESSION+GAUSSIAN NB,ARC,3,0.5048387096774194
LOGISTIC REGRESSION+SGD HINGE,WSCDS,2,0.5048387096774194
LOGISTIC REGRESSION+EXTRA TREES,WRCDS,2,0.5048387096774194
GRADIENT BOOST+SGD LOG+ADABOOST,WRCP,3,0.5048387096774194
RANDOM FOREST+GRADIENT BOOST+DECISION TREE,WSCDS,3,0.5045698924731182
RANDOM FOREST+PERCEPTRON+EXTRA TREES,ASC,3,0.5045698924731182
RANDOM FOREST+DECISION TREE+EXTRA TREES,ASC,3,0.5045698924731182
RANDOM FOREST+RIDGE,WSCP,2,0.5045698924731182
LOGISTIC REGRESSION+PERCEPTRON,ASC,2,0.5045698924731182
SGD LOG+ADABOOST,WSCP,2,0.5045698924731182
RANDOM FOREST+RIDGE+DECISION TREE,WSCDS,3,0.5045698924731182
RANDOM FOREST+PASSIVE AGGRESSIVE+RIDGE,WSCP,3,0.5045698924731182
SGD HINGE+PERCEPTRON,WSCP,2,0.5045698924731182
SGD HINGE+ADABOOST,ASC,2,0.5045698924731182
GRADIENT BOOST+SGD LOG+EXTRA TREES,WRCDS,3,0.5043010752688172
SGD HINGE+DECISION TREE,WRCDS,2,0.5043010752688172
LOGISTIC REGRESSION+EXTRA TREES,WRCP,2,0.5043010752688172
GRADIENT BOOST+ADABOOST,WRCP,2,0.5043010752688172
RANDOM FOREST+RIDGE+DECISION TREE,ASC,3,0.5043010752688172
RANDOM FOREST+SGD HINGE+LDA,ASC,3,0.5043010752688172
RANDOM FOREST+LOGISTIC REGRESSION+EXTRA TREES,ARC,3,0.5043010752688172
GRADIENT BOOST+LOGISTIC REGRESSION+PERCEPTRON,WRCP,3,0.5043010752688172
LDA+EXTRA TREES,ASC,2,0.5040322580645161
LOGISTIC REGRESSION+GAUSSIAN NB,ARC,2,0.5040322580645161
RANDOM FOREST+GRADIENT BOOST+DECISION TREE,WSCP,3,0.5040322580645161
RANDOM FOREST+LOGISTIC REGRESSION+PERCEPTRON,ASC,3,0.5040322580645161
MLP CLASSIFIER+DECISION TREE,ARC,2,0.5040322580645161
RANDOM FOREST+DECISION TREE+EXTRA TREES,WSCP,3,0.5040322580645161
SGD LOG+EXTRA TREES,WRCP,2,0.5037634408602151
RANDOM FOREST+GRADIENT BOOST+PASSIVE AGGRESSIVE,WSCDS,3,0.5037634408602151
GRADIENT BOOST+LOGISTIC REGRESSION+PASSIVE AGGRESSIVE,ARC,3,0.5037634408602151
GRADIENT BOOST+EXTRA TREES,ARC,2,0.5037634408602151
LOGISTIC REGRESSION+ADABOOST,WRCDS,2,0.5037634408602151
GRADIENT BOOST+RIDGE,WRCP,2,0.5037634408602151
RANDOM FOREST+LOGISTIC REGRESSION+RIDGE,WRCP,3,0.5037634408602151
RANDOM FOREST+PASSIVE AGGRESSIVE,WSCDS,2,0.5037634408602151
RANDOM FOREST+LDA+DECISION TREE,ARC,3,0.5037634408602151
GRADIENT BOOST+LOGISTIC REGRESSION+PERCEPTRON,ASC,3,0.5037634408602151
GRADIENT BOOST+LOGISTIC REGRESSION+PERCEPTRON,WSCDS,3,0.5037634408602151
RANDOM FOREST+RIDGE+ADABOOST,ARC,3,0.5037634408602151
RANDOM FOREST+MLP CLASSIFIER+GAUSSIAN NB,ARC,3,0.5037634408602151
RANDOM FOREST+RIDGE+DECISION TREE,ARC,3,0.5037634408602151
RANDOM FOREST+RIDGE+ADABOOST,WRCP,3,0.5037634408602151
LOGISTIC REGRESSION+SGD HINGE,ASC,2,0.503494623655914
GRADIENT BOOST+LOGISTIC REGRESSION+RIDGE,ASC,3,0.503494623655914
GRADIENT BOOST+ADABOOST,WRCDS,2,0.503494623655914
RANDOM FOREST+EXTRA TREES,ASC,2,0.503494623655914
RANDOM FOREST+SGD HINGE+LDA,WSCP,3,0.5032258064516129
GRADIENT BOOST+LOGISTIC REGRESSION+GAUSSIAN NB,WRCP,3,0.5032258064516129
RANDOM FOREST+GRADIENT BOOST+EXTRA TREES,WRCDS,3,0.5032258064516129
GRADIENT BOOST+LOGISTIC REGRESSION+RIDGE,ARC,3,0.5032258064516129
LOGISTIC REGRESSION+NEAREST CENTROID,WRCP,2,0.5032258064516129
RANDOM FOREST+LOGISTIC REGRESSION+RIDGE,ARC,3,0.5032258064516129
SGD LOG+PASSIVE AGGRESSIVE,WRCDS,2,0.5032258064516129
RANDOM FOREST+LOGISTIC REGRESSION+RIDGE,WSCDS,3,0.5032258064516129
GRADIENT BOOST+LOGISTIC REGRESSION+RIDGE,WSCDS,3,0.5032258064516129
GRADIENT BOOST+SGD LOG+NEAREST CENTROID,WRCP,3,0.5032258064516129
GRADIENT BOOST+LOGISTIC REGRESSION+DECISION TREE,WRCDS,3,0.5032258064516129
GRADIENT BOOST+SGD LOG+PASSIVE AGGRESSIVE,WRCDS,3,0.5032258064516129
RANDOM FOREST+LDA+DECISION TREE,WRCP,3,0.5032258064516129
RANDOM FOREST+SGD LOG+PASSIVE AGGRESSIVE,ARC,3,0.5032258064516129
RANDOM FOREST+PASSIVE AGGRESSIVE,WSCP,2,0.5029569892473118
LOGISTIC REGRESSION+SGD HINGE,WSCP,2,0.5029569892473118
RANDOM FOREST+LDA+DECISION TREE,WSCP,3,0.5029569892473118
GRADIENT BOOST+SGD LOG+DECISION TREE,WSCDS,3,0.5029569892473118
RANDOM FOREST+MLP CLASSIFIER+EXTRA TREES,WRCP,3,0.5026881720430108
RANDOM FOREST+MLP CLASSIFIER+EXTRA TREES,ARC,3,0.5026881720430108
PASSIVE AGGRESSIVE+RIDGE,WSCP,2,0.5026881720430108
RANDOM FOREST+PASSIVE AGGRESSIVE+LDA,WSCDS,3,0.5026881720430108
GRADIENT BOOST+SGD LOG+DECISION TREE,ARC,3,0.5026881720430108
GRADIENT BOOST+SGD LOG+PERCEPTRON,WRCP,3,0.5026881720430108
LOGISTIC REGRESSION+PASSIVE AGGRESSIVE,ARC,2,0.5026881720430108
LOGISTIC REGRESSION+LDA,WSCP,2,0.5026881720430108
LOGISTIC REGRESSION+LDA,WSCDS,2,0.5026881720430108
MLP CLASSIFIER+RIDGE,ARC,2,0.5026881720430108
RANDOM FOREST+LDA,ASC,2,0.5026881720430108
RANDOM FOREST+RIDGE,WSCDS,2,0.5026881720430108
MLP CLASSIFIER+RIDGE,WRCDS,2,0.5026881720430108
GRADIENT BOOST+LOGISTIC REGRESSION+RIDGE,WRCP,3,0.5026881720430108
GRADIENT BOOST+ADABOOST,ARC,2,0.5026881720430108
RANDOM FOREST+GRADIENT BOOST+EXTRA TREES,ARC,3,0.5026881720430108
GRADIENT BOOST+MLP CLASSIFIER+ADABOOST,ASC,3,0.5026881720430108
SGD LOG+ADABOOST,ARC,2,0.5026881720430108
RANDOM FOREST+LOGISTIC REGRESSION+DECISION TREE,WSCDS,3,0.5026881720430108
GRADIENT BOOST+SGD LOG+GAUSSIAN NB,ARC,3,0.5026881720430108
MLP CLASSIFIER+GAUSSIAN NB,WRCDS,2,0.5026881720430108
RANDOM FOREST+PERCEPTRON,WSCDS,2,0.5024193548387097
RANDOM FOREST+LDA,WSCP,2,0.5024193548387097
RANDOM FOREST+LDA+EXTRA TREES,ASC,3,0.5024193548387097
RANDOM FOREST+PERCEPTRON+EXTRA TREES,WSCP,3,0.5024193548387097
RANDOM FOREST+MLP CLASSIFIER+RIDGE,ARC,3,0.5024193548387097
RANDOM FOREST+DECISION TREE+ADABOOST,WSCP,3,0.5024193548387097
LOGISTIC REGRESSION+LDA,ASC,2,0.5024193548387097
RANDOM FOREST+PASSIVE AGGRESSIVE+DECISION TREE,ASC,3,0.5024193548387097
LOGISTIC REGRESSION+NEAREST CENTROID,ARC,2,0.5024193548387097
LOGISTIC REGRESSION+EXTRA TREES,ASC,2,0.5024193548387097
MLP CLASSIFIER+DECISION TREE,WRCP,2,0.5021505376344086
LOGISTIC REGRESSION+RIDGE,ARC,2,0.5021505376344086
RANDOM FOREST+SGD HINGE+ADABOOST,WSCP,3,0.5021505376344086
RANDOM FOREST+PERCEPTRON,WSCP,2,0.5021505376344086
RANDOM FOREST+PERCEPTRON,ASC,2,0.5021505376344086
GRADIENT BOOST+MLP CLASSIFIER+DECISION TREE,WRCDS,3,0.5021505376344086
GRADIENT BOOST+EXTRA TREES,WRCP,2,0.5021505376344086
LOGISTIC REGRESSION+RIDGE,WRCP,2,0.5021505376344086
RANDOM FOREST+DECISION TREE+ADABOOST,ASC,3,0.5021505376344086
RANDOM FOREST+EXTRA TREES,WSCP,2,0.5021505376344086
GRADIENT BOOST+RIDGE,WRCDS,2,0.5021505376344086
RANDOM FOREST+PASSIVE AGGRESSIVE,ASC,2,0.5021505376344086
GRADIENT BOOST+LOGISTIC REGRESSION+NEAREST CENTROID,ARC,3,0.5021505376344086
RANDOM FOREST+LOGISTIC REGRESSION+DECISION TREE,ASC,3,0.5021505376344086
GRADIENT BOOST+SGD LOG+GAUSSIAN NB,WRCP,3,0.5021505376344086
SGD LOG+ADABOOST,WRCP,2,0.5021505376344086
RANDOM FOREST+SGD HINGE+GAUSSIAN NB,WRCP,3,0.5021505376344086
SGD HINGE+EXTRA TREES,WSCP,2,0.5018817204301075
LDA+EXTRA TREES,WSCP,2,0.5018817204301075
PASSIVE AGGRESSIVE+PERCEPTRON,WSCP,2,0.5018817204301075
RANDOM FOREST+SGD HINGE+DECISION TREE,WSCDS,3,0.5018817204301075
RANDOM FOREST+GRADIENT BOOST+PASSIVE AGGRESSIVE,ASC,3,0.5018817204301075
MLP CLASSIFIER+NEAREST CENTROID,ARC,2,0.5018817204301075
RANDOM FOREST+LDA+EXTRA TREES,WSCP,3,0.5018817204301075
RANDOM FOREST+LOGISTIC REGRESSION+PERCEPTRON,WSCDS,3,0.5018817204301075
RANDOM FOREST+SGD HINGE,ASC,2,0.5018817204301075
RANDOM FOREST+RIDGE,ASC,2,0.5018817204301075
RANDOM FOREST+PASSIVE AGGRESSIVE+DECISION TREE,WSCP,3,0.5016129032258064
RANDOM FOREST+RIDGE,WRCP,2,0.5016129032258064
RANDOM FOREST,individual,1,0.5016129032258064
GRADIENT BOOST+LOGISTIC REGRESSION+EXTRA TREES,WRCP,3,0.5016129032258064
RANDOM FOREST+GRADIENT BOOST+ADABOOST,ARC,3,0.5016129032258064
GRADIENT BOOST+SGD LOG+DECISION TREE,WRCP,3,0.5016129032258064
RANDOM FOREST+PASSIVE AGGRESSIVE+LDA,ASC,3,0.5016129032258064
RANDOM FOREST+SGD HINGE+EXTRA TREES,WRCDS,3,0.5016129032258064
SGD HINGE+ADABOOST,WRCDS,2,0.5016129032258064
RANDOM FOREST+DECISION TREE+ADABOOST,WSCDS,3,0.5016129032258064
RANDOM FOREST+RIDGE+LDA,WSCDS,3,0.5016129032258064
RANDOM FOREST+MLP CLASSIFIER+ADABOOST,WSCDS,3,0.5016129032258064
GRADIENT BOOST+LOGISTIC REGRESSION+RIDGE,WRCDS,3,0.5016129032258064
RANDOM FOREST+MLP CLASSIFIER+PERCEPTRON,ASC,3,0.5016129032258064
RANDOM FOREST+GRADIENT BOOST+EXTRA TREES,WRCP,3,0.5016129032258064
RANDOM FOREST+GRADIENT BOOST+LDA,WSCDS,3,0.5016129032258064
GRADIENT BOOST+LOGISTIC REGRESSION+LDA,ARC,3,0.5016129032258064
LOGISTIC REGRESSION+EXTRA TREES,WSCP,2,0.5013440860215054
RANDOM FOREST+GRADIENT BOOST+ADABOOST,WRCDS,3,0.5013440860215054
RANDOM FOREST+PERCEPTRON+EXTRA TREES,WSCDS,3,0.5013440860215054
MLP CLASSIFIER+SGD HINGE,WSCDS,2,0.5013440860215054
LOGISTIC REGRESSION+EXTRA TREES,WSCDS,2,0.5013440860215054
PASSIVE AGGRESSIVE+PERCEPTRON,ASC,2,0.5013440860215054
LDA+EXTRA TREES,WSCDS,2,0.5013440860215054
RANDOM FOREST+LOGISTIC REGRESSION+LDA,WRCDS,3,0.5010752688172043
MLP CLASSIFIER+NEAREST CENTROID,WRCP,2,0.5010752688172043
GRADIENT BOOST+SGD LOG+DECISION TREE,WSCP,3,0.5010752688172043
SGD HINGE+EXTRA TREES,WRCDS,2,0.5010752688172043
RANDOM FOREST+LDA+ADABOOST,ARC,3,0.5010752688172043
RANDOM FOREST+SGD LOG+GAUSSIAN NB,WRCP,3,0.5010752688172043
RANDOM FOREST+MLP CLASSIFIER+ADABOOST,ASC,3,0.5010752688172043
RANDOM FOREST+MLP CLASSIFIER+EXTRA TREES,WRCDS,3,0.5010752688172043
RANDOM FOREST+LOGISTIC REGRESSION+LDA,WRCP,3,0.5010752688172043
RANDOM FOREST+MLP CLASSIFIER+LDA,ARC,3,0.5010752688172043
GRADIENT BOOST+LOGISTIC REGRESSION+PERCEPTRON,WRCDS,3,0.5010752688172043
RANDOM FOREST+LDA+ADABOOST,WRCP,3,0.5010752688172043
GRADIENT BOOST+SGD LOG+PERCEPTRON,ARC,3,0.5010752688172043
RANDOM FOREST+LOGISTIC REGRESSION+EXTRA TREES,WSCP,3,0.5008064516129033
MLP CLASSIFIER+PERCEPTRON,ASC,2,0.5008064516129033
RANDOM FOREST+SGD LOG+GAUSSIAN NB,ARC,3,0.5008064516129033
SGD HINGE+EXTRA TREES,WSCDS,2,0.5008064516129033
GRADIENT BOOST+LDA,WSCDS,2,0.5008064516129033
RANDOM FOREST+LOGISTIC REGRESSION+DECISION TREE,ARC,3,0.5008064516129033
RANDOM FOREST+LOGISTIC REGRESSION+PERCEPTRON,WSCP,3,0.5008064516129033
LOGISTIC REGRESSION+LDA,WRCDS,2,0.5005376344086021
RANDOM FOREST+LOGISTIC REGRESSION+DECISION TREE,WSCP,3,0.5005376344086021
RANDOM FOREST+LOGISTIC REGRESSION+EXTRA TREES,WSCDS,3,0.5005376344086021
RANDOM FOREST+LOGISTIC REGRESSION+LDA,ARC,3,0.5005376344086021
GRADIENT BOOST+LDA,WRCP,2,0.5005376344086021
GRADIENT BOOST+LOGISTIC REGRESSION+NEAREST CENTROID,WRCP,3,0.5005376344086021
LOGISTIC REGRESSION+LDA,ARC,2,0.5005376344086021
LOGISTIC REGRESSION+LDA,WRCP,2,0.5005376344086021
GRADIENT BOOST+LOGISTIC REGRESSION+PERCEPTRON,ARC,3,0.5005376344086021
GRADIENT BOOST+LOGISTIC REGRESSION+EXTRA TREES,ARC,3,0.5005376344086021
RANDOM FOREST+SGD HINGE+ADABOOST,WRCP,3,0.5005376344086021
GRADIENT BOOST+LOGISTIC REGRESSION+DECISION TREE,WRCP,3,0.5005376344086021
RANDOM FOREST+DECISION TREE,WRCP,2,0.5005376344086021
GRADIENT BOOST+LOGISTIC REGRESSION+RIDGE,WSCP,3,0.5005376344086021
PASSIVE AGGRESSIVE+LDA,ASC,2,0.5005376344086021
GRADIENT BOOST+LOGISTIC REGRESSION+LDA,WRCDS,3,0.5005376344086021
LOGISTIC REGRESSION+EXTRA TREES,ARC,2,0.500268817204301
GRADIENT BOOST+LDA,ASC,2,0.500268817204301
SGD HINGE+DECISION TREE,WSCP,2,0.500268817204301
GRADIENT BOOST+SGD LOG+RIDGE,ARC,3,0.500268817204301
DECISION TREE+ADABOOST,WSCDS,2,0.500268817204301
RANDOM FOREST+PASSIVE AGGRESSIVE+LDA,WSCP,3,0.500268817204301
SGD HINGE+DECISION TREE,ASC,2,0.500268817204301
SGD HINGE+DECISION TREE,WSCDS,2,0.500268817204301
RANDOM FOREST+GRADIENT BOOST+ADABOOST,WRCP,3,0.500268817204301
RANDOM FOREST+GRADIENT BOOST+LOGISTIC REGRESSION,ASC,3,0.500268817204301
DECISION TREE+ADABOOST,ASC,2,0.500268817204301
GRADIENT BOOST+MLP CLASSIFIER+PERCEPTRON,ASC,3,0.5
GRADIENT BOOST+MLP CLASSIFIER+PASSIVE AGGRESSIVE,WRCDS,3,0.5
GRADIENT BOOST+LOGISTIC REGRESSION+ADABOOST,WRCP,3,0.5
RANDOM FOREST+LOGISTIC REGRESSION+DECISION TREE,WRCP,3,0.5
GRADIENT BOOST+LDA,WSCP,2,0.5
RANDOM FOREST+MLP CLASSIFIER+ADABOOST,WSCP,3,0.5
RANDOM FOREST+GRADIENT BOOST+PASSIVE AGGRESSIVE,WSCP,3,0.5
MLP CLASSIFIER+RIDGE,WRCP,2,0.5
GRADIENT BOOST+SGD LOG+LDA,WRCP,3,0.5
GRADIENT BOOST+SGD HINGE+PASSIVE AGGRESSIVE,WSCP,3,0.5
GRADIENT BOOST+SGD HINGE,WSCDS,2,0.5
RANDOM FOREST+GRADIENT BOOST+PERCEPTRON,ASC,3,0.5
GRADIENT BOOST+LOGISTIC REGRESSION+EXTRA TREES,WRCDS,3,0.5
RANDOM FOREST+GRADIENT BOOST+RIDGE,WSCDS,3,0.5
RIDGE+EXTRA TREES,WSCP,2,0.49973118279569895
GRADIENT BOOST+SGD LOG+DECISION TREE,ASC,3,0.49973118279569895
RANDOM FOREST+LOGISTIC REGRESSION+LDA,WSCDS,3,0.49973118279569895
PASSIVE AGGRESSIVE+LDA,WSCDS,2,0.49973118279569895
MLP CLASSIFIER+PERCEPTRON,WSCP,2,0.49973118279569895
GRADIENT BOOST+SGD LOG+LDA,ARC,3,0.49973118279569895
RANDOM FOREST+RIDGE+EXTRA TREES,WSCDS,3,0.49973118279569895
RANDOM FOREST+GRADIENT BOOST+LOGISTIC REGRESSION,WSCDS,3,0.49973118279569895
RANDOM FOREST+SGD HINGE+ADABOOST,ASC,3,0.49973118279569895
RANDOM FOREST+MLP CLASSIFIER+EXTRA TREES,ASC,3,0.49973118279569895
RANDOM FOREST+RIDGE+LDA,ASC,3,0.49973118279569895
RANDOM FOREST+DECISION TREE,ASC,2,0.49973118279569895
RANDOM FOREST+DECISION TREE,WSCP,2,0.49973118279569895
RANDOM FOREST+LOGISTIC REGRESSION+PASSIVE AGGRESSIVE,WSCDS,3,0.49973118279569895
RANDOM FOREST+GRADIENT BOOST+LOGISTIC REGRESSION,WSCP,3,0.49973118279569895
GRADIENT BOOST+LOGISTIC REGRESSION+ADABOOST,WRCDS,3,0.49946236559139784
GRADIENT BOOST+LOGISTIC REGRESSION+EXTRA TREES,ASC,3,0.49946236559139784
GRADIENT BOOST+SGD LOG+RIDGE,WRCP,3,0.49946236559139784
RANDOM FOREST+SGD HINGE+DECISION TREE,WSCP,3,0.49946236559139784
RANDOM FOREST+SGD HINGE+EXTRA TREES,ARC,3,0.49946236559139784
RANDOM FOREST+MLP CLASSIFIER+LDA,WRCDS,3,0.49946236559139784
RANDOM FOREST+MLP CLASSIFIER+PERCEPTRON,WSCP,3,0.49946236559139784
PASSIVE AGGRESSIVE+LDA,WSCP,2,0.49946236559139784
GRADIENT BOOST+MLP CLASSIFIER+PERCEPTRON,WSCP,3,0.49946236559139784
GRADIENT BOOST+MLP CLASSIFIER+PASSIVE AGGRESSIVE,ASC,3,0.49946236559139784
GRADIENT BOOST+LOGISTIC REGRESSION+SGD HINGE,WSCP,3,0.49946236559139784
GRADIENT BOOST+EXTRA TREES,WRCDS,2,0.49946236559139784
RANDOM FOREST+LOGISTIC REGRESSION+EXTRA TREES,ASC,3,0.49946236559139784
GRADIENT BOOST+LDA,WRCDS,2,0.49946236559139784
MLP CLASSIFIER+EXTRA TREES,WRCDS,2,0.49946236559139784
RANDOM FOREST+RIDGE+EXTRA TREES,ASC,3,0.4991935483870968
RANDOM FOREST+RIDGE+LDA,WSCP,3,0.4991935483870968
SGD LOG+DECISION TREE,ASC,2,0.4991935483870968
RANDOM FOREST+LOGISTIC REGRESSION+PASSIVE AGGRESSIVE,WSCP,3,0.4991935483870968
RANDOM FOREST+MLP CLASSIFIER+SGD HINGE,WSCDS,3,0.4991935483870968
GRADIENT BOOST+LOGISTIC REGRESSION+EXTRA TREES,WSCDS,3,0.4991935483870968
PERCEPTRON+EXTRA TREES,ASC,2,0.4991935483870968
GRADIENT BOOST+LOGISTIC REGRESSION+EXTRA TREES,WSCP,3,0.4991935483870968
GRADIENT BOOST+RIDGE,ARC,2,0.4989247311827957
GRADIENT BOOST+SGD LOG+ADABOOST,WSCP,3,0.4989247311827957
RANDOM FOREST+GRADIENT BOOST+LOGISTIC REGRESSION,WRCDS,3,0.4989247311827957
GRADIENT BOOST+LOGISTIC REGRESSION+DECISION TREE,ARC,3,0.4989247311827957
MLP CLASSIFIER+ADABOOST,WRCDS,2,0.4989247311827957
GRADIENT BOOST+SGD LOG+ADABOOST,WRCDS,3,0.4989247311827957
GRADIENT BOOST+LOGISTIC REGRESSION,WRCDS,2,0.4989247311827957
GRADIENT BOOST+MLP CLASSIFIER+PASSIVE AGGRESSIVE,WSCDS,3,0.4989247311827957
PERCEPTRON+EXTRA TREES,WSCP,2,0.4989247311827957
GRADIENT BOOST+SGD LOG+PERCEPTRON,ASC,3,0.4989247311827957
DECISION TREE+ADABOOST,WSCP,2,0.4989247311827957
RANDOM FOREST+SGD HINGE+ADABOOST,WRCDS,3,0.4989247311827957
MLP CLASSIFIER+GAUSSIAN NB,ARC,2,0.4989247311827957
RANDOM FOREST+MLP CLASSIFIER+LDA,WRCP,3,0.4989247311827957
RANDOM FOREST+MLP CLASSIFIER+RIDGE,WRCP,3,0.4989247311827957
RANDOM FOREST+SGD LOG+ADABOOST,WRCDS,3,0.4989247311827957
RANDOM FOREST+GRADIENT BOOST+EXTRA TREES,ASC,3,0.4989247311827957
RANDOM FOREST+GRADIENT BOOST+PERCEPTRON,WSCP,3,0.4989247311827957
RANDOM FOREST+GRADIENT BOOST+PERCEPTRON,WSCDS,3,0.4989247311827957
PASSIVE AGGRESSIVE+PERCEPTRON,WSCDS,2,0.4989247311827957
SGD HINGE+LDA,WRCDS,2,0.4989247311827957
RANDOM FOREST+SGD HINGE+EXTRA TREES,WSCP,3,0.4989247311827957
RANDOM FOREST+SGD HINGE+EXTRA TREES,WRCP,3,0.4989247311827957
MLP CLASSIFIER+GAUSSIAN NB,WRCP,2,0.4989247311827957
RANDOM FOREST+LDA+EXTRA TREES,WSCDS,3,0.4989247311827957
GRADIENT BOOST+LOGISTIC REGRESSION,WRCP,2,0.4989247311827957
RANDOM FOREST+GRADIENT BOOST+LOGISTIC REGRESSION,ARC,3,0.4989247311827957
SGD LOG+DECISION TREE,WSCDS,2,0.4986559139784946
RANDOM FOREST+MLP CLASSIFIER+PERCEPTRON,WSCDS,3,0.4986559139784946
RANDOM FOREST+PASSIVE AGGRESSIVE+EXTRA TREES,WSCDS,3,0.4986559139784946
RANDOM FOREST+GRADIENT BOOST+RIDGE,WRCDS,3,0.49838709677419357
GRADIENT BOOST+MLP CLASSIFIER+PERCEPTRON,WSCDS,3,0.49838709677419357
GRADIENT BOOST+MLP CLASSIFIER+SGD HINGE,ASC,3,0.49838709677419357
GRADIENT BOOST+MLP CLASSIFIER+EXTRA TREES,WRCDS,3,0.49838709677419357
MLP CLASSIFIER+PERCEPTRON,WSCDS,2,0.49838709677419357
RANDOM FOREST+LOGISTIC REGRESSION+RIDGE,ASC,3,0.49838709677419357
RANDOM FOREST+LOGISTIC REGRESSION+ADABOOST,WRCDS,3,0.49838709677419357
RANDOM FOREST+LOGISTIC REGRESSION+RIDGE,WSCP,3,0.49838709677419357
GRADIENT BOOST+MLP CLASSIFIER+RIDGE,WRCDS,3,0.49838709677419357
GRADIENT BOOST+PASSIVE AGGRESSIVE,WSCDS,2,0.49838709677419357
GRADIENT BOOST+PASSIVE AGGRESSIVE,WSCP,2,0.49838709677419357
RANDOM FOREST+GRADIENT BOOST+LDA,WSCP,3,0.49838709677419357
RANDOM FOREST+RIDGE+EXTRA TREES,WSCP,3,0.49838709677419357
GRADIENT BOOST+LOGISTIC REGRESSION+PASSIVE AGGRESSIVE,WSCDS,3,0.49811827956989246
MLP CLASSIFIER+SGD HINGE,ASC,2,0.49811827956989246
RANDOM FOREST+SGD HINGE+ADABOOST,ARC,3,0.49811827956989246
RANDOM FOREST+EXTRA TREES,WSCDS,2,0.49811827956989246
RANDOM FOREST+PASSIVE AGGRESSIVE+EXTRA TREES,ASC,3,0.49811827956989246
GRADIENT BOOST+LDA,ARC,2,0.49811827956989246
PERCEPTRON+EXTRA TREES,WSCDS,2,0.49811827956989246
RANDOM FOREST+GRADIENT BOOST,ARC,2,0.4978494623655914
MLP CLASSIFIER+ADABOOST,WRCP,2,0.4978494623655914
MLP CLASSIFIER+EXTRA TREES,WRCP,2,0.4978494623655914
GRADIENT BOOST+LOGISTIC REGRESSION+ADABOOST,ARC,3,0.4978494623655914
GRADIENT BOOST+RIDGE,ASC,2,0.4978494623655914
RANDOM FOREST+GRADIENT BOOST+RIDGE,ASC,3,0.4978494623655914
SGD LOG+EXTRA TREES,ARC,2,0.4978494623655914
LOGISTIC REGRESSION+ADABOOST,WRCP,2,0.4978494623655914
LOGISTIC REGRESSION+ADABOOST,ARC,2,0.4978494623655914
MLP CLASSIFIER+SGD HINGE,WSCP,2,0.4978494623655914
RANDOM FOREST+GRADIENT BOOST+LOGISTIC REGRESSION,WRCP,3,0.4978494623655914
RANDOM FOREST+GRADIENT BOOST+LDA,ASC,3,0.4978494623655914
GRADIENT BOOST+MLP CLASSIFIER+EXTRA TREES,ARC,3,0.4978494623655914
MLP CLASSIFIER+LDA,WRCDS,2,0.4978494623655914
MLP CLASSIFIER+LDA,ARC,2,0.4978494623655914
GRADIENT BOOST+LOGISTIC REGRESSION+LDA,WSCP,3,0.4978494623655914
GRADIENT BOOST+LOGISTIC REGRESSION+LDA,WRCP,3,0.4978494623655914
SGD HINGE+EXTRA TREES,ASC,2,0.4978494623655914
RANDOM FOREST+GRADIENT BOOST+MLP CLASSIFIER,WRCDS,3,0.4978494623655914
GRADIENT BOOST+MLP CLASSIFIER+PASSIVE AGGRESSIVE,WRCP,3,0.4978494623655914
GRADIENT BOOST+MLP CLASSIFIER+RIDGE,WRCP,3,0.4978494623655914
RANDOM FOREST+GRADIENT BOOST+SGD HINGE,WSCDS,3,0.4975806451612903
MLP CLASSIFIER+PASSIVE AGGRESSIVE,WSCP,2,0.4975806451612903
RANDOM FOREST+LOGISTIC REGRESSION+LDA,ASC,3,0.4975806451612903
RANDOM FOREST+MLP CLASSIFIER+DECISION TREE,WSCDS,3,0.4975806451612903
GRADIENT BOOST+PASSIVE AGGRESSIVE,ASC,2,0.4975806451612903
RANDOM FOREST+SGD HINGE,WSCP,2,0.4975806451612903
GRADIENT BOOST+SGD HINGE,ASC,2,0.4975806451612903
LOGISTIC REGRESSION+PASSIVE AGGRESSIVE,WSCDS,2,0.4975806451612903
RANDOM FOREST+SGD LOG+ADABOOST,WSCDS,3,0.4975806451612903
GRADIENT BOOST+MLP CLASSIFIER+PASSIVE AGGRESSIVE,WSCP,3,0.4975806451612903
SGD LOG+DECISION TREE,WSCP,2,0.49731182795698925
RANDOM FOREST+LOGISTIC REGRESSION+PASSIVE AGGRESSIVE,ASC,3,0.49731182795698925
GRADIENT BOOST+SGD LOG+EXTRA TREES,WRCP,3,0.49731182795698925
GRADIENT BOOST+LOGISTIC REGRESSION+SGD HINGE,WSCDS,3,0.49731182795698925
GRADIENT BOOST+EXTRA TREES,ASC,2,0.49731182795698925
GRADIENT BOOST+RIDGE,WSCP,2,0.49731182795698925
RANDOM FOREST+MLP CLASSIFIER+LOGISTIC REGRESSION,WRCDS,3,0.49731182795698925
MLP CLASSIFIER+ADABOOST,ARC,2,0.49731182795698925
GRADIENT BOOST+EXTRA TREES,WSCP,2,0.4970430107526882
RANDOM FOREST+SGD LOG+ADABOOST,ASC,3,0.4970430107526882
GRADIENT BOOST,individual,1,0.4970430107526882
RANDOM FOREST+MLP CLASSIFIER+SGD HINGE,ASC,3,0.4970430107526882
GRADIENT BOOST+MLP CLASSIFIER+SGD HINGE,WSCP,3,0.4970430107526882
RIDGE+EXTRA TREES,WSCDS,2,0.4970430107526882
RANDOM FOREST+GRADIENT BOOST+EXTRA TREES,WSCP,3,0.4970430107526882
RANDOM FOREST+SGD LOG+ADABOOST,WSCP,3,0.4970430107526882
LOGISTIC REGRESSION+PASSIVE AGGRESSIVE,WSCP,2,0.4970430107526882
LOGISTIC REGRESSION+PASSIVE AGGRESSIVE,ASC,2,0.4970430107526882
RANDOM FOREST+GRADIENT BOOST+LDA,ARC,3,0.4970430107526882
GRADIENT BOOST+MLP CLASSIFIER+EXTRA TREES,WRCP,3,0.4967741935483871
GRADIENT BOOST+LOGISTIC REGRESSION+PASSIVE AGGRESSIVE,WSCP,3,0.4967741935483871
RANDOM FOREST+GRADIENT BOOST+RIDGE,WSCP,3,0.4967741935483871
GRADIENT BOOST+MLP CLASSIFIER+DECISION TREE,WSCDS,3,0.4967741935483871
RANDOM FOREST+GRADIENT BOOST+LDA,WRCP,3,0.4967741935483871
MLP CLASSIFIER+LDA,WRCP,2,0.4967741935483871
GRADIENT BOOST+MLP CLASSIFIER+ADABOOST,WRCDS,3,0.4967741935483871
RANDOM FOREST+PASSIVE AGGRESSIVE+EXTRA TREES,WSCP,3,0.4967741935483871
RANDOM FOREST+SGD HINGE+EXTRA TREES,ASC,3,0.4967741935483871
GRADIENT BOOST+SGD LOG+EXTRA TREES,ARC,3,0.4967741935483871
GRADIENT BOOST+SGD LOG+PERCEPTRON,WSCP,3,0.4967741935483871
GRADIENT BOOST+MLP CLASSIFIER+RIDGE,ARC,3,0.4967741935483871
RANDOM FOREST+GRADIENT BOOST+MLP CLASSIFIER,ARC,3,0.4967741935483871
RANDOM FOREST+MLP CLASSIFIER,WRCP,2,0.4967741935483871
PASSIVE AGGRESSIVE,individual,1,0.49650537634408604
GRADIENT BOOST+MLP CLASSIFIER+SGD HINGE,WSCDS,3,0.49650537634408604
RIDGE+EXTRA TREES,ASC,2,0.49650537634408604
RANDOM FOREST+GRADIENT BOOST+MLP CLASSIFIER,WSCP,3,0.49650537634408604
RANDOM FOREST+GRADIENT BOOST+MLP CLASSIFIER,WRCP,3,0.4962365591397849
SGD LOG+RIDGE,WRCDS,2,0.4962365591397849
RANDOM FOREST+GRADIENT BOOST+DECISION TREE,WRCP,3,0.4962365591397849
GRADIENT BOOST+MLP CLASSIFIER+GAUSSIAN NB,WRCDS,3,0.4962365591397849
RANDOM FOREST+SGD LOG+PASSIVE AGGRESSIVE,WRCDS,3,0.4962365591397849
GRADIENT BOOST+LOGISTIC REGRESSION+SGD HINGE,ASC,3,0.4962365591397849
RANDOM FOREST+MLP CLASSIFIER+LOGISTIC REGRESSION,WRCP,3,0.4962365591397849
RANDOM FOREST+SGD HINGE+ADABOOST,WSCDS,3,0.4959677419354839
RANDOM FOREST+MLP CLASSIFIER+PASSIVE AGGRESSIVE,ASC,3,0.4959677419354839
RANDOM FOREST+MLP CLASSIFIER+EXTRA TREES,WSCP,3,0.4959677419354839
GRADIENT BOOST+LOGISTIC REGRESSION,ARC,2,0.4959677419354839
GRADIENT BOOST+EXTRA TREES,WSCDS,2,0.4959677419354839
RANDOM FOREST+LOGISTIC REGRESSION+LDA,WSCP,3,0.4956989247311828
RANDOM FOREST+MLP CLASSIFIER+LOGISTIC REGRESSION,ARC,3,0.4956989247311828
RANDOM FOREST+LOGISTIC REGRESSION+ADABOOST,WRCP,3,0.4956989247311828
RANDOM FOREST+GRADIENT BOOST+MLP CLASSIFIER,WSCDS,3,0.4956989247311828
RANDOM FOREST+GRADIENT BOOST+DECISION TREE,ARC,3,0.4956989247311828
RANDOM FOREST+GRADIENT BOOST+RIDGE,WRCP,3,0.4956989247311828
GRADIENT BOOST+MLP CLASSIFIER+ADABOOST,ARC,3,0.4956989247311828
RANDOM FOREST+SGD LOG+DECISION TREE,WSCP,3,0.4956989247311828
GRADIENT BOOST+LOGISTIC REGRESSION+PASSIVE AGGRESSIVE,ASC,3,0.4956989247311828
SGD HINGE+RIDGE,WRCDS,2,0.4956989247311828
SGD LOG+ADABOOST,WRCDS,2,0.4956989247311828
MLP CLASSIFIER+EXTRA TREES,ARC,2,0.4956989247311828
RANDOM FOREST+GRADIENT BOOST+RIDGE,ARC,3,0.4956989247311828
SGD LOG+RIDGE,ARC,2,0.4954301075268817
GRADIENT BOOST+SGD LOG+ADABOOST,ASC,3,0.4954301075268817
RANDOM FOREST+SGD HINGE+EXTRA TREES,WSCDS,3,0.4954301075268817
MLP CLASSIFIER+RIDGE,WSCDS,2,0.4954301075268817
RANDOM FOREST+SGD LOG+DECISION TREE,WSCDS,3,0.4954301075268817
GRADIENT BOOST+LOGISTIC REGRESSION+LDA,WSCDS,3,0.4954301075268817
GRADIENT BOOST+MLP CLASSIFIER+GAUSSIAN NB,WRCP,3,0.49516129032258066
MLP CLASSIFIER+PASSIVE AGGRESSIVE,WSCDS,2,0.49516129032258066
SGD LOG+RIDGE,WRCP,2,0.49516129032258066
GRADIENT BOOST+SGD LOG+EXTRA TREES,ASC,3,0.49516129032258066
RANDOM FOREST+GRADIENT BOOST,WSCDS,2,0.49516129032258066
GRADIENT BOOST+MLP CLASSIFIER+DECISION TREE,ASC,3,0.49516129032258066
RANDOM FOREST+GRADIENT BOOST,ASC,2,0.49516129032258066
GRADIENT BOOST+MLP CLASSIFIER+ADABOOST,WRCP,3,0.49516129032258066
GRADIENT BOOST+MLP CLASSIFIER+PASSIVE AGGRESSIVE,ARC,3,0.49516129032258066
RANDOM FOREST+SGD LOG+DECISION TREE,ASC,3,0.49516129032258066
RANDOM FOREST+LOGISTIC REGRESSION+ADABOOST,ARC,3,0.49516129032258066
RANDOM FOREST+GRADIENT BOOST+MLP CLASSIFIER,ASC,3,0.49516129032258066
MLP CLASSIFIER+PASSIVE AGGRESSIVE,ASC,2,0.49489247311827955
RANDOM FOREST+MLP CLASSIFIER+SGD HINGE,WSCP,3,0.49489247311827955
RANDOM FOREST+LOGISTIC REGRESSION,WSCP,2,0.49489247311827955
RANDOM FOREST+GRADIENT BOOST,WSCP,2,0.4946236559139785
GRADIENT BOOST+MLP CLASSIFIER+LDA,WRCP,3,0.4946236559139785
RANDOM FOREST+MLP CLASSIFIER,WRCDS,2,0.4946236559139785
RANDOM FOREST+GRADIENT BOOST,WRCP,2,0.4946236559139785
RANDOM FOREST+SGD LOG+EXTRA TREES,WRCP,3,0.4946236559139785
RANDOM FOREST+MLP CLASSIFIER+DECISION TREE,WSCP,3,0.4946236559139785
GRADIENT BOOST+MLP CLASSIFIER+DECISION TREE,WSCP,3,0.4946236559139785
GRADIENT BOOST+MLP CLASSIFIER+LDA,WRCDS,3,0.4946236559139785
RANDOM FOREST+LOGISTIC REGRESSION,ASC,2,0.4946236559139785
RANDOM FOREST+SGD LOG+ADABOOST,WRCP,3,0.4946236559139785
RANDOM FOREST+GRADIENT BOOST+LDA,WRCDS,3,0.4946236559139785
SGD LOG+PERCEPTRON,WSCP,2,0.49435483870967745
RANDOM FOREST+MLP CLASSIFIER+DECISION TREE,ASC,3,0.49435483870967745
GRADIENT BOOST+MLP CLASSIFIER+EXTRA TREES,WSCP,3,0.49435483870967745
GRADIENT BOOST+SGD LOG+ADABOOST,WSCDS,3,0.49435483870967745
RANDOM FOREST+MLP CLASSIFIER,ASC,2,0.49408602150537634
RANDOM FOREST+MLP CLASSIFIER+DECISION TREE,WRCP,3,0.49408602150537634
GRADIENT BOOST+SGD HINGE,WSCP,2,0.49408602150537634
RANDOM FOREST+SGD LOG+PERCEPTRON,WRCDS,3,0.49408602150537634
MLP CLASSIFIER+LDA,WSCP,2,0.49408602150537634
GRADIENT BOOST+SGD LOG+EXTRA TREES,WSCP,3,0.49408602150537634
GRADIENT BOOST+SGD LOG+PERCEPTRON,WRCDS,3,0.49408602150537634
RANDOM FOREST+MLP CLASSIFIER+DECISION TREE,WRCDS,3,0.49408602150537634
GRADIENT BOOST+MLP CLASSIFIER+PERCEPTRON,ARC,3,0.49408602150537634
RANDOM FOREST+LOGISTIC REGRESSION,WSCDS,2,0.49408602150537634
SGD LOG+PERCEPTRON,WRCDS,2,0.49408602150537634
SGD LOG+PERCEPTRON,ASC,2,0.4938172043010753
RANDOM FOREST+MLP CLASSIFIER,ARC,2,0.4938172043010753
EXTRA TREES,individual,1,0.4938172043010753
MLP CLASSIFIER+LDA,WSCDS,2,0.4938172043010753
GRADIENT BOOST+MLP CLASSIFIER+EXTRA TREES,ASC,3,0.4938172043010753
GRADIENT BOOST+MLP CLASSIFIER+DECISION TREE,ARC,3,0.4938172043010753
RANDOM FOREST+MLP CLASSIFIER,WSCP,2,0.4938172043010753
RANDOM FOREST+SGD LOG+PASSIVE AGGRESSIVE,WSCDS,3,0.4935483870967742
RANDOM FOREST+SGD LOG+ADABOOST,ARC,3,0.4935483870967742
GRADIENT BOOST+MLP CLASSIFIER+GAUSSIAN NB,ARC,3,0.4935483870967742
GRADIENT BOOST+LOGISTIC REGRESSION+LDA,ASC,3,0.4935483870967742
GRADIENT BOOST+MLP CLASSIFIER+PERCEPTRON,WRCP,3,0.4935483870967742
GRADIENT BOOST+MLP CLASSIFIER+LDA,ARC,3,0.4935483870967742
RANDOM FOREST+SGD HINGE+RIDGE,WRCDS,3,0.4935483870967742
MLP CLASSIFIER+LDA,ASC,2,0.4935483870967742
GRADIENT BOOST+MLP CLASSIFIER+RIDGE,WSCDS,3,0.4932795698924731
RANDOM FOREST+MLP CLASSIFIER,WSCDS,2,0.4932795698924731
SGD LOG+PASSIVE AGGRESSIVE,WSCDS,2,0.4932795698924731
PASSIVE AGGRESSIVE+EXTRA TREES,WSCP,2,0.493010752688172
RANDOM FOREST+SGD HINGE+RIDGE,WRCP,3,0.493010752688172
PASSIVE AGGRESSIVE+EXTRA TREES,ASC,2,0.493010752688172
RANDOM FOREST+LOGISTIC REGRESSION,WRCDS,2,0.493010752688172
GRADIENT BOOST+MLP CLASSIFIER+SGD LOG,WRCDS,3,0.493010752688172
RANDOM FOREST+MLP CLASSIFIER+DECISION TREE,ARC,3,0.493010752688172
RANDOM FOREST+SGD LOG+EXTRA TREES,ASC,3,0.493010752688172
RANDOM FOREST+SGD HINGE+LDA,WRCDS,3,0.493010752688172
LOGISTIC REGRESSION+SGD LOG,ARC,2,0.493010752688172
RANDOM FOREST+SGD LOG+EXTRA TREES,WRCDS,3,0.493010752688172
PASSIVE AGGRESSIVE+EXTRA TREES,WSCDS,2,0.49274193548387096
GRADIENT BOOST+SGD LOG+EXTRA TREES,WSCDS,3,0.49274193548387096
RANDOM FOREST+MLP CLASSIFIER+PASSIVE AGGRESSIVE,WSCP,3,0.49274193548387096
GRADIENT BOOST+LOGISTIC REGRESSION,ASC,2,0.49274193548387096
SGD LOG+EXTRA TREES,WRCDS,2,0.4924731182795699
LOGISTIC REGRESSION+SGD HINGE,WRCDS,2,0.4924731182795699
RANDOM FOREST+MLP CLASSIFIER+EXTRA TREES,WSCDS,3,0.4924731182795699
RANDOM FOREST+MLP CLASSIFIER+PASSIVE AGGRESSIVE,WSCDS,3,0.4924731182795699
RANDOM FOREST+SGD LOG+RIDGE,WRCDS,3,0.4924731182795699
LOGISTIC REGRESSION+SGD LOG,WRCP,2,0.4924731182795699
SGD HINGE+RIDGE,WRCP,2,0.4924731182795699
GRADIENT BOOST+MLP CLASSIFIER+EXTRA TREES,WSCDS,3,0.4924731182795699
GRADIENT BOOST+MLP CLASSIFIER+PERCEPTRON,WRCDS,3,0.4924731182795699
SGD LOG+EXTRA TREES,WSCDS,2,0.4922043010752688
MLP CLASSIFIER+RIDGE,WSCP,2,0.4922043010752688
MLP CLASSIFIER+EXTRA TREES,ASC,2,0.49193548387096775
GRADIENT BOOST+MLP CLASSIFIER+DECISION TREE,WRCP,3,0.49193548387096775
SGD LOG+LDA,WRCP,2,0.49193548387096775
SGD LOG+LDA,WRCDS,2,0.49193548387096775
GRADIENT BOOST+MLP CLASSIFIER+LOGISTIC REGRESSION,WRCP,3,0.49193548387096775
SGD LOG+EXTRA TREES,ASC,2,0.49193548387096775
RANDOM FOREST+LOGISTIC REGRESSION,ARC,2,0.49193548387096775
SGD HINGE+LDA,ARC,2,0.49166666666666664
RANDOM FOREST+GRADIENT BOOST,WRCDS,2,0.49166666666666664
RANDOM FOREST+MLP CLASSIFIER+LDA,WSCDS,3,0.49166666666666664
RANDOM FOREST+MLP CLASSIFIER+LOGISTIC REGRESSION,ASC,3,0.49166666666666664
GRADIENT BOOST+MLP CLASSIFIER,WSCDS,2,0.49166666666666664
GRADIENT BOOST+MLP CLASSIFIER,WSCP,2,0.49166666666666664
RANDOM FOREST+MLP CLASSIFIER+LOGISTIC REGRESSION,WSCDS,3,0.4913978494623656
SGD LOG,individual,1,0.4913978494623656
GRADIENT BOOST+MLP CLASSIFIER+LOGISTIC REGRESSION,ARC,3,0.4913978494623656
RANDOM FOREST+SGD LOG+EXTRA TREES,WSCP,3,0.4913978494623656
GRADIENT BOOST+MLP CLASSIFIER+NEAREST CENTROID,WRCP,3,0.4913978494623656
SGD LOG+LDA,ARC,2,0.4913978494623656
GRADIENT BOOST+SGD HINGE,WRCP,2,0.4913978494623656
GRADIENT BOOST+SGD LOG+SGD HINGE,WSCP,3,0.4913978494623656
MLP CLASSIFIER+RIDGE,ASC,2,0.4913978494623656
SGD LOG+ADABOOST,WSCDS,2,0.4913978494623656
SGD LOG+SGD HINGE,ASC,2,0.49112903225806454
GRADIENT BOOST+SGD LOG+PASSIVE AGGRESSIVE,WSCP,3,0.49112903225806454
GRADIENT BOOST+MLP CLASSIFIER+LDA,ASC,3,0.49112903225806454
LOGISTIC REGRESSION+SGD HINGE,ARC,2,0.49112903225806454
GRADIENT BOOST+LOGISTIC REGRESSION,WSCDS,2,0.49112903225806454
GRADIENT BOOST+LOGISTIC REGRESSION+SGD HINGE,ARC,3,0.4908602150537634
SGD LOG+EXTRA TREES,WSCP,2,0.4908602150537634
GRADIENT BOOST+MLP CLASSIFIER+LDA,WSCDS,3,0.4908602150537634
RANDOM FOREST+SGD LOG+EXTRA TREES,WSCDS,3,0.4908602150537634
LOGISTIC REGRESSION+SGD HINGE,WRCP,2,0.4908602150537634
RANDOM FOREST+MLP CLASSIFIER+LDA,WSCP,3,0.4908602150537634
GRADIENT BOOST+SGD LOG+RIDGE,ASC,3,0.4908602150537634
RANDOM FOREST+MLP CLASSIFIER+LOGISTIC REGRESSION,WSCP,3,0.4905913978494624
GRADIENT BOOST+MLP CLASSIFIER,ASC,2,0.4905913978494624
GRADIENT BOOST+MLP CLASSIFIER+LDA,WSCP,3,0.4905913978494624
SGD HINGE+RIDGE,ARC,2,0.4905913978494624
SGD LOG+PERCEPTRON,WSCDS,2,0.4905913978494624
RANDOM FOREST+GRADIENT BOOST+EXTRA TREES,WSCDS,3,0.4905913978494624
GRADIENT BOOST+SGD LOG+PASSIVE AGGRESSIVE,WSCDS,3,0.49032258064516127
GRADIENT BOOST+MLP CLASSIFIER+LOGISTIC REGRESSION,WRCDS,3,0.49032258064516127
RANDOM FOREST+LOGISTIC REGRESSION,WRCP,2,0.49032258064516127
SGD HINGE+LDA,WRCP,2,0.49032258064516127
RANDOM FOREST+SGD HINGE+RIDGE,ARC,3,0.49032258064516127
GRADIENT BOOST+MLP CLASSIFIER+NEAREST CENTROID,ARC,3,0.49032258064516127
SGD LOG+SGD HINGE,WSCP,2,0.49032258064516127
GRADIENT BOOST+LOGISTIC REGRESSION+SGD HINGE,WRCDS,3,0.49032258064516127
RANDOM FOREST+MLP CLASSIFIER+LDA,ASC,3,0.49032258064516127
RANDOM FOREST+SGD HINGE,WRCP,2,0.48978494623655916
RANDOM FOREST+GRADIENT BOOST+SGD HINGE,ASC,3,0.48978494623655916
GRADIENT BOOST+LOGISTIC REGRESSION+SGD LOG,WSCDS,3,0.48951612903225805
GRADIENT BOOST+SGD LOG+PASSIVE AGGRESSIVE,ASC,3,0.48951612903225805
MLP CLASSIFIER+EXTRA TREES,WSCDS,2,0.48951612903225805
LOGISTIC REGRESSION,individual,1,0.48951612903225805
RANDOM FOREST+MLP CLASSIFIER+RIDGE,WSCDS,3,0.489247311827957
GRADIENT BOOST+MLP CLASSIFIER+SGD HINGE,WRCP,3,0.489247311827957
GRADIENT BOOST+LOGISTIC REGRESSION+SGD HINGE,WRCP,3,0.489247311827957
LOGISTIC REGRESSION+SGD LOG,WRCDS,2,0.489247311827957
RANDOM FOREST+SGD HINGE+LDA,ARC,3,0.489247311827957
RANDOM FOREST+SGD LOG+EXTRA TREES,ARC,3,0.489247311827957
RANDOM FOREST+SGD LOG+PASSIVE AGGRESSIVE,ASC,3,0.489247311827957
GRADIENT BOOST+SGD LOG,WSCDS,2,0.4889784946236559
GRADIENT BOOST+SGD LOG+PERCEPTRON,WSCDS,3,0.4889784946236559
MLP CLASSIFIER+EXTRA TREES,WSCP,2,0.4889784946236559
RANDOM FOREST+GRADIENT BOOST+SGD HINGE,WSCP,3,0.4889784946236559
RANDOM FOREST+SGD LOG+RIDGE,ARC,3,0.4889784946236559
GRADIENT BOOST+SGD LOG+LDA,WSCDS,3,0.48870967741935484
SGD LOG+SGD HINGE,WRCP,2,0.48870967741935484
SGD LOG+SGD HINGE,WRCDS,2,0.48870967741935484
GRADIENT BOOST+MLP CLASSIFIER+SGD LOG,WRCP,3,0.48870967741935484
RANDOM FOREST+MLP CLASSIFIER+RIDGE,WSCP,3,0.48870967741935484
GRADIENT BOOST+MLP CLASSIFIER+SGD LOG,ARC,3,0.48870967741935484
SGD LOG+SGD HINGE,ARC,2,0.48870967741935484
RANDOM FOREST+SGD LOG+PERCEPTRON,WSCP,3,0.48870967741935484
GRADIENT BOOST+MLP CLASSIFIER+SGD HINGE,ARC,3,0.48870967741935484
SGD LOG+RIDGE,WSCDS,2,0.4884408602150538
GRADIENT BOOST+LOGISTIC REGRESSION+SGD LOG,ASC,3,0.4884408602150538
GRADIENT BOOST+SGD LOG+LDA,WSCP,3,0.4884408602150538
GRADIENT BOOST+SGD LOG+RIDGE,WSCP,3,0.4884408602150538
GRADIENT BOOST+MLP CLASSIFIER+SGD LOG,WSCP,3,0.4884408602150538
GRADIENT BOOST+LOGISTIC REGRESSION,WSCP,2,0.4884408602150538
GRADIENT BOOST+MLP CLASSIFIER,ARC,2,0.4881720430107527
GRADIENT BOOST+SGD LOG,WRCP,2,0.4881720430107527
RANDOM FOREST+LOGISTIC REGRESSION+SGD HINGE,WRCDS,3,0.4881720430107527
GRADIENT BOOST+MLP CLASSIFIER,WRCP,2,0.4881720430107527
GRADIENT BOOST+MLP CLASSIFIER,WRCDS,2,0.4881720430107527
RANDOM FOREST+SGD LOG+PERCEPTRON,WSCDS,3,0.4881720430107527
SGD LOG+LDA,WSCDS,2,0.4879032258064516
SGD LOG+PASSIVE AGGRESSIVE,WSCP,2,0.4879032258064516
GRADIENT BOOST+LOGISTIC REGRESSION+SGD LOG,WSCP,3,0.4879032258064516
SGD LOG+PASSIVE AGGRESSIVE,ASC,2,0.4879032258064516
RANDOM FOREST+GRADIENT BOOST+SGD HINGE,WRCDS,3,0.4876344086021505
RANDOM FOREST+SGD LOG+RIDGE,WRCP,3,0.4876344086021505
MLP CLASSIFIER+LOGISTIC REGRESSION,ASC,2,0.4876344086021505
GRADIENT BOOST+SGD LOG+SGD HINGE,ASC,3,0.4876344086021505
GRADIENT BOOST+SGD HINGE,WRCDS,2,0.4876344086021505
RANDOM FOREST+SGD HINGE,ARC,2,0.4876344086021505
GRADIENT BOOST+MLP CLASSIFIER+SGD LOG,ASC,3,0.48736559139784946
GRADIENT BOOST+SGD LOG+SGD HINGE,WSCDS,3,0.48736559139784946
RANDOM FOREST+SGD LOG+PERCEPTRON,ASC,3,0.48736559139784946
SGD LOG+SGD HINGE,WSCDS,2,0.48736559139784946
GRADIENT BOOST+SGD LOG,WSCP,2,0.48736559139784946
GRADIENT BOOST+SGD LOG,ASC,2,0.4870967741935484
RANDOM FOREST+SGD LOG+LDA,WRCDS,3,0.4870967741935484
GRADIENT BOOST+LOGISTIC REGRESSION+SGD LOG,WRCDS,3,0.4870967741935484
GRADIENT BOOST+LOGISTIC REGRESSION+SGD LOG,ARC,3,0.4870967741935484
RANDOM FOREST+SGD LOG+PASSIVE AGGRESSIVE,WSCP,3,0.4870967741935484
GRADIENT BOOST+SGD LOG+LDA,WRCDS,3,0.4870967741935484
LOGISTIC REGRESSION+SGD LOG,WSCDS,2,0.4868279569892473
SGD LOG+LDA,WSCP,2,0.4868279569892473
RANDOM FOREST+LOGISTIC REGRESSION+SGD LOG,WSCDS,3,0.4868279569892473
RANDOM FOREST+SGD LOG+LDA,ARC,3,0.4868279569892473
RANDOM FOREST+SGD LOG+SGD HINGE,WSCP,3,0.4868279569892473
LOGISTIC REGRESSION+SGD LOG,ASC,2,0.4868279569892473
RANDOM FOREST+MLP CLASSIFIER+SGD LOG,WRCP,3,0.48655913978494625
MLP CLASSIFIER+LOGISTIC REGRESSION,WSCDS,2,0.48655913978494625
RANDOM FOREST+GRADIENT BOOST+SGD HINGE,WRCP,3,0.48655913978494625
RANDOM FOREST+SGD LOG+SGD HINGE,WRCDS,3,0.48655913978494625
GRADIENT BOOST+SGD HINGE,ARC,2,0.48655913978494625
RANDOM FOREST+SGD LOG,ARC,2,0.48655913978494625
RANDOM FOREST+MLP CLASSIFIER+SGD LOG,ARC,3,0.48655913978494625
GRADIENT BOOST+MLP CLASSIFIER+SGD LOG,WSCDS,3,0.48655913978494625
RANDOM FOREST+SGD LOG,WRCP,2,0.48655913978494625
RANDOM FOREST+SGD LOG+LDA,WRCP,3,0.48655913978494625
RANDOM FOREST+GRADIENT BOOST+SGD LOG,WSCDS,3,0.48655913978494625
MLP CLASSIFIER+SGD LOG,WSCP,2,0.48655913978494625
RANDOM FOREST+GRADIENT BOOST+SGD LOG,ARC,3,0.48655913978494625
RANDOM FOREST+SGD HINGE+LDA,WRCP,3,0.48655913978494625
MLP CLASSIFIER+LOGISTIC REGRESSION,WSCP,2,0.48655913978494625
GRADIENT BOOST+MLP CLASSIFIER+LOGISTIC REGRESSION,WSCDS,3,0.48629032258064514
MLP CLASSIFIER+SGD LOG,WSCDS,2,0.48629032258064514
MLP CLASSIFIER+SGD LOG,ASC,2,0.48629032258064514
GRADIENT BOOST+SGD LOG+LDA,ASC,3,0.4860215053763441
GRADIENT BOOST+SGD LOG,ARC,2,0.4860215053763441
MLP CLASSIFIER+SGD HINGE,WRCDS,2,0.4860215053763441
MLP CLASSIFIER+SGD HINGE,WRCP,2,0.4860215053763441
GRADIENT BOOST+MLP CLASSIFIER+SGD HINGE,WRCDS,3,0.4860215053763441
LOGISTIC REGRESSION+SGD LOG,WSCP,2,0.4860215053763441
RANDOM FOREST+MLP CLASSIFIER+RIDGE,ASC,3,0.4860215053763441
GRADIENT BOOST+LOGISTIC REGRESSION+SGD LOG,WRCP,3,0.4860215053763441
GRADIENT BOOST+MLP CLASSIFIER+RIDGE,WSCP,3,0.48575268817204303
GRADIENT BOOST+SGD LOG+SGD HINGE,ARC,3,0.48575268817204303
RANDOM FOREST+SGD LOG+RIDGE,WSCDS,3,0.4854838709677419
SGD LOG+RIDGE,WSCP,2,0.4854838709677419
RANDOM FOREST+MLP CLASSIFIER+SGD LOG,WSCDS,3,0.4854838709677419
GRADIENT BOOST+SGD LOG+SGD HINGE,WRCDS,3,0.4854838709677419
SGD LOG+LDA,ASC,2,0.4854838709677419
RANDOM FOREST+SGD LOG+LDA,WSCDS,3,0.4852150537634409
SGD LOG+RIDGE,ASC,2,0.4852150537634409
GRADIENT BOOST+MLP CLASSIFIER+LOGISTIC REGRESSION,WSCP,3,0.48494623655913977
GRADIENT BOOST+SGD LOG+SGD HINGE,WRCP,3,0.48494623655913977
GRADIENT BOOST+MLP CLASSIFIER+RIDGE,ASC,3,0.48494623655913977
RANDOM FOREST+SGD LOG+SGD HINGE,WSCDS,3,0.48440860215053766
GRADIENT BOOST+MLP CLASSIFIER+LOGISTIC REGRESSION,ASC,3,0.48440860215053766
RANDOM FOREST+GRADIENT BOOST+SGD HINGE,ARC,3,0.48440860215053766
GRADIENT BOOST+SGD LOG+RIDGE,WRCDS,3,0.48440860215053766
RANDOM FOREST+SGD LOG+SGD HINGE,ASC,3,0.48413978494623655
RANDOM FOREST+SGD LOG,WSCDS,2,0.4838709677419355
MLP CLASSIFIER+LOGISTIC REGRESSION,WRCDS,2,0.4838709677419355
RANDOM FOREST+GRADIENT BOOST+SGD LOG,WRCP,3,0.4838709677419355
GRADIENT BOOST+SGD LOG+RIDGE,WSCDS,3,0.4838709677419355
RANDOM FOREST+SGD LOG,WSCP,2,0.4836021505376344
RANDOM FOREST+SGD LOG,ASC,2,0.4836021505376344
MLP CLASSIFIER,individual,1,0.48333333333333334
MLP CLASSIFIER+SGD LOG,WRCDS,2,0.48333333333333334
RANDOM FOREST+LOGISTIC REGRESSION+SGD HINGE,WRCP,3,0.48333333333333334
MLP CLASSIFIER+LOGISTIC REGRESSION,WRCP,2,0.48333333333333334
RANDOM FOREST+LOGISTIC REGRESSION+SGD LOG,WRCDS,3,0.4827956989247312
RANDOM FOREST+MLP CLASSIFIER+SGD HINGE,ARC,3,0.4827956989247312
RANDOM FOREST+MLP CLASSIFIER+SGD LOG,ASC,3,0.482258064516129
GRADIENT BOOST+SGD LOG,WRCDS,2,0.482258064516129
MLP CLASSIFIER+LOGISTIC REGRESSION,ARC,2,0.482258064516129
RANDOM FOREST+LOGISTIC REGRESSION+SGD LOG,ARC,3,0.482258064516129
RANDOM FOREST+MLP CLASSIFIER+SGD HINGE,WRCDS,3,0.482258064516129
MLP CLASSIFIER+SGD HINGE,ARC,2,0.482258064516129
MLP CLASSIFIER+SGD LOG,WRCP,2,0.482258064516129
RANDOM FOREST+MLP CLASSIFIER+SGD LOG,WSCP,3,0.48198924731182796
RANDOM FOREST+MLP CLASSIFIER+SGD HINGE,WRCP,3,0.4817204301075269
RANDOM FOREST+SGD LOG+SGD HINGE,ARC,3,0.4814516129032258
RANDOM FOREST+GRADIENT BOOST+SGD LOG,ASC,3,0.48118279569892475
RANDOM FOREST+SGD HINGE,WRCDS,2,0.48118279569892475
RANDOM FOREST+LOGISTIC REGRESSION+SGD HINGE,ARC,3,0.48091397849462364
RANDOM FOREST+SGD LOG,WRCDS,2,0.4806451612903226
RANDOM FOREST+SGD LOG+LDA,WSCP,3,0.4798387096774194
RANDOM FOREST+GRADIENT BOOST+SGD LOG,WRCDS,3,0.47956989247311826
RANDOM FOREST+LOGISTIC REGRESSION+SGD LOG,WRCP,3,0.4790322580645161
RANDOM FOREST+MLP CLASSIFIER+SGD LOG,WRCDS,3,0.4790322580645161
RANDOM FOREST+SGD LOG+SGD HINGE,WRCP,3,0.4790322580645161
RANDOM FOREST+SGD LOG+LDA,ASC,3,0.47876344086021505
RANDOM FOREST+GRADIENT BOOST+SGD LOG,WSCP,3,0.47876344086021505
MLP CLASSIFIER+SGD LOG,ARC,2,0.478494623655914
RANDOM FOREST+SGD LOG+RIDGE,ASC,3,0.478494623655914
RANDOM FOREST+SGD LOG+RIDGE,WSCP,3,0.47795698924731184
RANDOM FOREST+LOGISTIC REGRESSION+SGD LOG,WSCP,3,0.47795698924731184
RANDOM FOREST+LOGISTIC REGRESSION+SGD LOG,ASC,3,0.47768817204301073
